pl_name,pl_rade,pl_bmasse,disc_year,st_teff,pl_eqt,pl_orbsmax,pl_orbper
55 Cnc e,2.08,7.81,2004,5234.0,1958.0,0.01544,0.7365437
AU Mic b,4.07,17.0,2020,3700.0,593.0,0.0645,8.463
AU Mic c,3.24,13.6,2021,3700.0,454.0,0.1101,18.859019
BD+20 594 b,2.23,16.3,2016,5766.0,546.0,0.241,41.6855
BD-14 3065 b,21.59,3932.0,2024,6935.0,2001.0,0.0656,4.2889731
CFHTWIR-Oph 98 b,20.8487041,2479.0615746,2021,2320.0,1800.0,200.0,8040000.0
COCONUTS-2 b,12.44196858,2002.3189641,2021,3406.0,434.0,7506.0,402000000.0
CoRoT-1 b,17.385159,327.3649,2008,5950.0,1915.0,0.02536,1.5089686
CoRoT-1 b,15.91678,340.0781,2008,5950.0,1834.0,0.0259,1.508976552
CoRoT-10 b,10.547669,883.5674,2010,5075.0,647.0,0.106,13.2406
CoRoT-10 b,10.87,874.0,2010,5075.0,600.0,0.1055,13.2406
CoRoT-11 b,15.984034,743.7222,2010,6440.0,1735.0,0.044,2.99433
CoRoT-11 b,16.03,740.51,2010,6440.0,1657.0,0.0436,2.99433
CoRoT-12 b,15.13215,281.91521,2010,5675.0,1410.0,0.0394,2.828042
CoRoT-12 b,16.14,291.438,2010,5675.0,1442.0,0.04016,2.828042
CoRoT-13 b,9.92,415.704,2010,5945.0,1700.0,0.051,4.03519
CoRoT-13 b,14.033668,416.99296,2010,5945.0,1432.0,0.051,4.03519
CoRoT-14 b,11.410762,2437.7561,2010,6035.0,1936.0,0.02687,1.51214
CoRoT-14 b,12.22,2415.4,2010,6035.0,1952.0,0.027,1.51214
CoRoT-17 b,11.43,772.29,2011,5740.0,1626.0,0.0461,3.7681
CoRoT-17 b,11.287463,781.8618,2011,5740.0,1610.0,0.0481,3.7681
CoRoT-18 b,14.022459,1039.3041,2011,5440.0,1490.0,0.0286,1.9000693
CoRoT-18 b,14.68,1102.82,2011,5440.0,1550.0,0.0295,1.9000693
CoRoT-19 b,14.46,352.78,2011,6090.0,2000.0,0.0518,3.89713
CoRoT-19 b,13.33871,346.4347,2011,6090.0,1630.0,0.0512,3.89713
CoRoT-2 b,16.47723,1150.5446,2008,5696.0,1548.0,0.02854,1.7429935
CoRoT-2 b,16.36514,1134.6531,2008,5598.0,1521.0,0.02835,1.7429935
CoRoT-20 b,13.00244,1608.2198,2011,5880.0,1100.0,0.0892,9.24285
CoRoT-20 b,9.42,1347.54,2011,5880.0,1002.0,0.0902,9.24285
CoRoT-22 b,4.88,12.2,2014,5939.0,885.0,0.092,9.75598
CoRoT-23 b,11.77,889.9,2011,5900.0,1660.0,0.048,3.6313
CoRoT-23 b,13.22662,972.5598,2011,5900.0,1710.0,0.04809,3.6313
CoRoT-24 b,3.7,5.7,2014,4950.0,1070.0,0.056,5.1134
CoRoT-24 c,5.0,28.0,2014,4950.0,850.0,0.098,11.759
CoRoT-25 b,12.11,85.81,2013,6040.0,1330.0,0.0578,4.86069
CoRoT-26 b,14.12,165.26,2013,5590.0,1600.0,0.0526,4.20474
CoRoT-27 b,11.287,3302.11,2014,5900.0,1500.0,0.0476,3.57532
CoRoT-3 b,11.623733,6979.5468,2008,6740.0,1695.0,0.05783,4.2567994
CoRoT-35 b,18.83108758,349.6112477,2022,6390.0,1747.0,0.0429,3.22748
CoRoT-36 b,15.80466279,216.12331676,2022,6730.0,1567.0,0.066,5.616531
CoRoT-4 b,13.00244,232.33373,2008,6190.0,1058.0,0.0912,9.20205
CoRoT-4 b,13.34,228.83,2008,6190.0,1074.0,0.09,9.20205
CoRoT-5 b,15.558,148.42,2009,6100.0,1438.0,0.04947,4.0378962
CoRoT-5 b,13.249038,149.3801,2009,6100.0,1348.0,0.05004,4.0378962
CoRoT-6 b,13.282665,940.7768,2009,6090.0,1025.0,0.0855,8.886593
CoRoT-6 b,13.068,940.74,2009,6090.0,1017.0,0.0855,8.886593
CoRoT-7 b,1.860694,6.99226,2009,5250.0,1910.0,0.0169,0.853585
CoRoT-7 b,1.585,5.74,2009,5259.0,1756.0,0.017016,0.85359159
CoRoT-8 b,7.980808,68.65128,2010,5080.0,922.0,0.0633,6.21229
CoRoT-9 b,11.948794,266.9772,2009,5625.0,420.0,0.4021,95.272656
CoRoT-9 b,11.623733,262.52758,2009,5625.0,413.0,0.4027,95.2738
CoRoTID 223977153 b,6.38913,47.6745,2017,5970.0,938.0,0.071,6.71837
EPIC 201595106 b,1.565,7.67,2021,5679.0,2038.0,0.0177,0.87724
EPIC 211945201 b,6.12,27.0,2018,6025.0,886.35,0.148,19.49213
EPIC 220674823 b,1.82,9.0,2016,5496.0,2063.0,0.01312,0.571336
EPIC 220674823 b,1.676,7.8,2016,5578.0,2299.0,0.01314,0.5713127
EPIC 220674823 b,1.52,8.36,2016,5470.0,2333.0,0.0116,0.571292
EPIC 220674823 b,1.725,8.21,2016,5532.0,2300.0,0.01326,0.571292
EPIC 220674823 c,2.84,7.32,2016,5578.0,804.0,0.1073,13.33989
EPIC 220674823 c,2.5,5.8,2016,5470.0,774.0,0.105,13.3397
EPIC 220674823 c,2.77,5.7,2016,5496.0,722.0,0.1071,13.3387
EPIC 220674823 c,2.836,8.9,2016,5532.0,805.0,0.1083,13.3397
EPIC 229004835 b,2.332,10.4,2023,5868.0,804.0,0.1237,16.141132
EPIC 246851721 b,11.780659,953.49,2018,6202.0,1401.0,0.07229,6.180235
EPIC 248847494 b,12.44199,4131.79,2018,4898.0,183.0,4.5,3650.0
EPIC 249893012 b,1.95,8.75,2020,5430.0,1616.0,0.047,3.5951
EPIC 249893012 c,3.67,14.67,2020,5430.0,990.0,0.13,15.624
EPIC 249893012 d,3.94,10.18,2020,5430.0,752.0,0.22,35.747
G 9-40 b,1.9,4.0,2019,3395.0,440.6,0.0418,5.7459982
G 9-40 b,2.025,11.7,2019,3348.0,456.0,0.0385,5.746007
GJ 1132 b,1.19151465,1.83704819,2015,3229.0,583.8,0.0157,1.62892911
GJ 1132 b,1.13,1.66,2015,3270.0,529.0,0.0153,1.628931
GJ 1214 b,2.742,8.17,2009,3250.0,596.0,0.0149,1.58040433
GJ 1214 b,2.733,8.41,2009,3101.0,567.0,0.01505,1.580404531
GJ 1252 b,1.193,2.09,2020,3458.0,1089.0,0.00916,0.5182349
GJ 143 b,2.61,22.7,2019,4640.0,422.0,0.1915,35.61253
GJ 3090 b,2.13,3.34,2022,3556.0,693.0,0.03165,2.8531054
GJ 3470 b,4.2,14.0,2012,3600.0,615.0,0.0348,3.33714
GJ 3470 b,4.57,13.9,2012,3600.0,593.5,0.0355,3.3366496
GJ 3470 b,3.88,13.73,2012,3652.0,604.0,0.031,3.3366487
GJ 3473 b,1.264,1.86,2020,3347.0,773.0,0.01589,1.1980035
GJ 357 b,1.217,1.84,2019,3505.0,525.0,0.035,3.93072
GJ 367 b,0.718,0.546,2021,3522.0,1745.0,0.0071,0.321962
GJ 367 b,0.699,0.633,2021,3522.0,1365.0,0.00709,0.3219225
GJ 3929 b,1.09,1.75,2022,3384.0,568.0,0.0252,2.616235
GJ 3929 b,1.15,1.21,2022,3369.0,568.8,0.02569,2.6162745
GJ 414 A b,2.63,7.6,2021,4120.0,308.6,0.2324,50.8
GJ 414 A c,8.4,53.83,2021,4120.0,124.7,1.4,749.83
GJ 436 b,4.1910451,23.138024,2004,3350.0,686.0,0.03109,2.64389788
GJ 436 b,4.091285,23.424071,2004,3500.0,669.0,0.02887,2.64389524
GJ 436 b,4.2224,23.1688,2004,3350.0,649.0,0.02872,2.64385
GJ 486 b,1.343,3.0,2021,3291.0,706.0,0.01713,1.4671205
GJ 486 b,1.305,2.82,2021,3340.0,701.0,0.01734,1.467119
GJ 486 b,1.289,2.77,2021,3317.0,696.3,0.01714,1.46712127
GJ 806 b,1.331,1.9,2023,3600.0,940.0,0.01406,0.9263237
GJ 9827 b,1.62,3.42,2017,4269.0,1172.0,0.01888,1.2089802
GJ 9827 b,1.577,5.14,2017,4305.0,1175.0,0.0188,1.2089819
GJ 9827 b,1.58,3.69,2017,4219.0,1114.0,0.0206,1.208966
GJ 9827 b,1.44,4.28,2017,4236.0,1035.01,0.0189,1.208974
GJ 9827 c,1.269,2.42,2017,4269.0,811.0,0.03942,3.648083
GJ 9827 c,1.241,1.3,2017,4305.0,813.0,0.03925,3.648096
GJ 9827 c,1.24,1.45,2017,4219.0,771.0,0.0429,3.64823
GJ 9827 c,1.13,1.86,2017,4236.0,715.94,0.0395,3.648103
GJ 9827 d,1.98,3.02,2017,4236.0,675.0,0.053,6.20183
GJ 9827 d,2.022,3.53,2017,4305.0,681.0,0.0559,6.20147
GJ 9827 d,2.04,2.35,2017,4219.0,646.0,0.0611,6.20142
GJ 9827 d,1.89,3.02,2017,4236.0,599.68,0.0563,6.201812
GJ 9827 d,2.07,5.2,2017,4269.0,680.0,0.05615,6.201467
GPX-1 b,16.47720163,6261.2196179,2021,7000.0,2300.0,0.0338,1.744579
Gliese 12 b,0.9,10.0,2024,3253.0,315.0,0.067,12.76142
Gliese 12 b,0.958,3.87,2024,3296.0,314.6,0.0668,12.761408
HAT-P-1 b,13.641353,166.54292,2006,5975.0,1291.0,0.05535,4.4652934
HAT-P-1 b,14.784671,168.13207,2006,5980.0,1322.0,0.05561,4.4652968
HAT-P-1 b,13.921578,169.08556,2006,5975.0,1306.0,0.0553,4.46543
HAT-P-1 b,14.784671,166.86075,2006,5980.0,1322.0,0.05561,4.46529976
HAT-P-11 b,4.73,25.743,2008,4780.0,878.0,0.053,4.8878162
HAT-P-11 b,4.901,25.0,2008,4780.0,847.0,0.0532,4.887802443
HAT-P-11 b,4.449973,26.69772,2008,4780.0,838.0,0.05259,4.88781501
HAT-P-12 b,10.301071,63.88383,2009,4665.0,955.0,0.03767,3.21305992
HAT-P-12 b,10.749,67.059,2009,4650.0,963.0,0.0384,3.2130598
HAT-P-13 b,16.667783,287.95398,2009,5653.0,1740.0,0.0431,2.9162382
HAT-P-13 b,14.359,271.098,2009,5653.0,1653.0,0.0427,2.91626
HAT-P-14 b,13.663771,721.79193,2010,6600.0,1624.0,0.06108,4.6276691
HAT-P-14 b,13.4508,724.6524,2010,6583.0,1612.0,0.0596,4.627649
HAT-P-14 b,12.89,709.367,2010,6600.0,1570.0,0.0606,4.627669
HAT-P-15 b,12.016,618.471,2010,5568.0,904.0,0.0964,10.863502
HAT-P-16 b,13.33871,1331.38987,2010,6158.0,1571.0,0.0413,2.775970244
HAT-P-16 b,14.448,1332.605,2010,6158.0,1626.0,0.0413,2.77596
HAT-P-17 b,11.321,169.71,2010,5246.0,792.0,0.0882,10.338523
HAT-P-18 b,11.153,62.61,2010,4803.0,852.0,0.0559,5.508023
HAT-P-18 b,10.614923,62.29468,2010,4870.0,841.0,0.0559,5.507978
HAT-P-19 b,12.689,92.802,2010,4990.0,1010.0,0.0466,4.008778
HAT-P-19 b,11.29865255,88.03846874,2010,4962.0,981.2,0.04599,4.00878322
HAT-P-2 b,13.33871,2777.8342,2007,6290.0,1516.0,0.0674,5.6334729
HAT-P-2 b,11.242627,2771.4776,2007,6290.0,1398.0,0.0679,5.63332
HAT-P-2 b,12.969,2888.95,2007,6290.0,1540.0,0.06878,5.6334729
HAT-P-2 b,12.3,2828.6,2007,6300.0,1700.0,0.068,5.6
HAT-P-20 b,11.489225,2294.7326,2010,4595.0,964.0,0.03593,2.875316938
HAT-P-20 b,9.718,2302.899,2010,4595.0,970.0,0.0361,2.875317
HAT-P-20 b,9.75,2320.1,2010,4600.0,950.0,0.036,2.9
HAT-P-21 b,11.478,1291.289,2010,5588.0,1283.0,0.0494,4.124481
HAT-P-22 b,11.88154,696.68336,2010,5314.0,1293.0,0.04171,3.21223328
HAT-P-22 b,12.106,682.352,2010,5302.0,1283.0,0.0414,3.21222
HAT-P-22 b,12.10572,682.69884,2010,5302.0,1463.0,0.0414,3.2122312
HAT-P-23 b,15.334,664.237,2010,5905.0,2056.0,0.0232,1.212884
HAT-P-23 b,13.72,658.0,2010,5885.0,1951.0,0.02302,1.21288287
HAT-P-24 b,13.922,217.704,2010,6373.0,1637.0,0.0465,3.35524
HAT-P-25 b,12.722215,180.84527,2010,5519.0,1182.0,0.0466,3.65281514
HAT-P-25 b,13.339,180.202,2010,5500.0,1202.0,0.0466,3.652836
HAT-P-26 b,6.333,18.751,2010,5079.0,1001.0,0.0479,4.234516
HAT-P-28 b,13.585,198.953,2011,5680.0,1384.0,0.0434,3.257215
HAT-P-29 b,12.408,247.261,2011,6087.0,1260.0,0.0667,5.723186
HAT-P-29 b,11.926376,243.77561,2011,6115.0,1271.0,0.0665,5.72339
HAT-P-3 b,10.076891,189.42668,2007,5185.0,1127.0,0.03882,2.899703
HAT-P-3 b,10.614923,185.61272,2007,5185.0,1189.0,0.03842,2.899736
HAT-P-3 b,10.211399,189.10885,2007,5190.0,1170.0,0.03878,2.89973838
HAT-P-30 b,15.02,225.968,2011,6304.0,1630.0,0.0419,2.810595
HAT-P-31 b,11.99,689.98,2011,6065.0,1450.0,0.055,5.005425
HAT-P-32 b,20.053,273.322,2011,6207.0,1786.0,0.0343,2.150008
HAT-P-32 b,22.19382,216.1244,2011,6001.0,1835.7,0.03397,2.1500082
HAT-P-33 b,18.898,242.176,2011,6446.0,1782.0,0.0499,3.474474
HAT-P-34 b,13.417,1057.694,2011,6442.0,1520.0,0.0677,5.452654
HAT-P-35 b,14.93,334.979,2011,6096.0,1581.0,0.0498,3.646706
HAT-P-36 b,14.168,582.24,2011,5560.0,1823.0,0.0238,1.327347
HAT-P-36 b,15.210613,611.82275,2011,5560.0,1820.2,0.02402,1.3273466
HAT-P-36 b,14.616536,588.62116,2011,5620.0,1788.0,0.02388,1.32734683
HAT-P-36 b,14.313893,587.413406,2011,5620.0,1780.97,0.0241,1.32734683
HAT-P-37 b,13.204,371.528,2011,5500.0,1271.0,0.0379,2.797436
HAT-P-38 b,9.247,84.857,2012,5330.0,1082.0,0.0523,4.640382
HAT-P-39 b,17.609,190.372,2012,6430.0,1752.0,0.0509,3.54387
HAT-P-4 b,14.986433,216.1244,2007,5860.0,1691.0,0.04465,3.0565195
HAT-P-4 b,14.28,213.255,2007,5860.0,1686.0,0.04438,3.056536
HAT-P-40 b,19.392,195.457,2012,6080.0,1770.0,0.0608,4.457243
HAT-P-41 b,18.887,254.253,2012,6390.0,1941.0,0.0426,2.694047
HAT-P-42 b,14.348,331.801,2012,5743.0,1428.0,0.0575,4.641878
HAT-P-43 b,14.359,210.395,2012,5645.0,1361.0,0.0443,3.332687
HAT-P-44 b,13.922,111.871,2014,5295.0,1108.0,0.0507,4.301219
HAT-P-45 b,15.984,283.492,2014,6330.0,1652.0,0.0452,3.128992
HAT-P-46 b,14.392,156.684,2014,6120.0,1458.0,0.0577,4.463129
HAT-P-49 b,15.838,549.823,2014,6820.0,2131.0,0.0438,2.691548
HAT-P-5 b,14.056086,336.8998,2007,5960.0,1539.0,0.04071,2.788491
HAT-P-50 b,14.437192,429.0705,2015,6280.0,1862.0,0.0453,3.1220109
HAT-P-51 b,14.493237,98.20947,2015,5449.0,1192.0,0.05069,4.2180278
HAT-P-51 b,13.50682174,97.57332095,2015,5453.0,1168.2,0.05042,4.21802091
HAT-P-52 b,11.309881,259.98494,2015,5131.0,1218.0,0.03694,2.7535953
HAT-P-53 b,14.773462,471.65972,2015,5956.0,1778.0,0.03159,1.9616241
HAT-P-54 b,10.581296,241.5508,2015,4390.0,818.0,0.04117,3.799847
HAT-P-55 b,13.249038,184.97706,2015,5808.0,1313.0,0.04604,3.5852467
HAT-P-55 b,14.84069045,189.42573057,2015,5804.0,1367.0,0.04628,3.5852313
HAT-P-56 b,16.432394,692.8694,2015,6566.0,1840.0,0.0423,2.7908327
HAT-P-57 b,15.838317,587.9855,2015,7500.0,2200.0,0.0406,2.465295
HAT-P-58 b,14.93036229,118.2321674,2021,6078.0,1622.0,0.04994,4.0138379
HAT-P-59 b,12.58768533,489.45574678,2021,5678.0,1277.8,0.05064,4.1419771
HAT-P-6 b,14.90797,336.58197,2007,6570.0,1675.0,0.05237,3.852985
HAT-P-6 b,15.636555,337.85329,2007,6570.0,1704.0,0.05244,3.853003
HAT-P-60 b,18.28184752,182.43350562,2021,6212.0,1772.0,0.06277,4.7947813
HAT-P-61 b,10.07687365,335.9446262,2021,5587.0,1505.0,0.0301,1.90231289
HAT-P-62 b,12.02723629,241.86741773,2021,5629.0,1512.0,0.03772,2.6453235
HAT-P-63 b,12.5428494,195.1466419,2021,5400.0,1237.0,0.04294,3.377728
HAT-P-64 b,19.08889413,184.34047606,2021,6457.0,1766.0,0.05387,4.007232
HAT-P-65 b,21.18501,167.49641,2016,5835.0,1930.0,0.03951,2.6054552
HAT-P-65 b,18.05766791,176.07693748,2016,5872.0,1818.0,0.04042,2.60544751
HAT-P-66 b,17.82231,248.86089,2016,6002.0,1896.0,0.04363,2.972086
HAT-P-67 b,23.370765,108.0622,2017,6406.0,1903.0,0.06505,4.8101025
HAT-P-68 b,12.016048,230.10892,2020,4508.0,1027.8,0.02996,2.29840551
HAT-P-69 b,18.786284,1137.8314,2019,7394.0,1930.0,0.06555,4.7869491
HAT-P-7 b,15.043,564.442,2008,6532.23,2733.0,0.0377,2.204737
HAT-P-7 b,16.712619,534.59006,2008,6441.0,2700.0,0.03676,2.2047372
HAT-P-7 b,15.905571,566.05523,2008,6350.0,2200.0,0.0355,2.2047354
HAT-P-7 b,16.421185,571.77617,2008,6350.0,2194.0,0.03805,2.2047304
HAT-P-70 b,20.96083,2154.8874,2019,8450.0,2562.0,0.04739,2.74432452
HAT-P-8 b,16.81,483.08,2008,6200.0,1700.0,0.0487,3.0763776
HAT-P-9 b,15.46842,247.27174,2008,6350.0,1540.0,0.0529,3.922814
HAT-P-9 b,15.614137,238.05467,2008,6350.0,1540.0,0.05287,3.92281072
HAT-P-9 b,15.69,247.9,2008,6350.0,1530.0,0.053,3.92289
HATS-1 b,14.594,589.55,2012,5870.0,1359.0,0.0444,3.446459
HATS-10 b,10.861521,167.17858,2015,5880.0,1407.0,0.04491,3.312846
HATS-11 b,16.92559,270.1555,2016,6060.0,1637.0,0.04614,3.6191613
HATS-12 b,15.13215,756.4354,2016,6408.0,2097.0,0.04795,3.142833
HATS-13 b,13.585308,172.58169,2015,5523.0,1244.0,0.04057,3.0440499
HATS-14 b,11.646151,340.39593,2015,5346.0,1276.0,0.03815,2.7667641
HATS-15 b,12.385945,689.6911,2016,5311.0,1505.0,0.02712,1.74748753
HATS-16 b,14.5717,1039.3041,2016,5738.0,1592.0,0.03744,2.686502
HATS-17 b,8.709393,425.25654,2016,5846.0,814.0,0.1308,16.254611
HATS-18 b,14.986433,629.3034,2016,5600.0,2060.0,0.01761,0.8378434
HATS-18 b,14.896761,629.144485,2016,5600.0,2069.48,0.0174,0.83784
HATS-2 b,13.092,427.463,2013,5227.0,1577.0,0.023,1.354133
HATS-22 b,10.682177,870.8542,2017,4803.0,858.0,0.05025,4.7228124
HATS-23 b,20.84874,467.2101,2017,5780.0,1654.0,0.03397,2.1605156
HATS-24 b,15.636555,718.2958,2017,6125.0,2166.0,0.0238,1.3484978
HATS-24 b,16.667783,775.5052,2017,6346.0,2067.0,0.02547,1.3484954
HATS-25 b,14.12334,194.82979,2016,5715.0,1277.0,0.05163,4.2986432
HATS-26 b,19.61575,206.5895,2016,6071.0,1918.0,0.04735,3.3023881
HATS-27 b,16.8135,168.4499,2016,6438.0,1659.0,0.0611,4.637038
HATS-28 b,13.383546,213.58176,2016,5498.0,1253.0,0.04131,3.1810781
HATS-29 b,14.022459,207.54299,2016,5670.0,1212.0,0.05475,4.6058749
HATS-3 b,15.48,340.382,2013,6351.0,1648.0,0.0485,3.547851
HATS-30 b,13.170575,224.38798,2016,5943.0,1414.0,0.04354,3.1743516
HATS-31 b,18.38276,279.6904,2016,6050.0,1823.0,0.0478,3.37796
HATS-32 b,14.000041,292.4036,2016,5700.0,1437.0,0.04024,2.8126548
HATS-33 b,13.78707,378.85336,2016,5659.0,1429.0,0.03727,2.5495551
HATS-34 b,16.02887,299.07803,2016,5380.0,1445.0,0.03166,2.1061607
HATS-35 b,16.409976,388.38826,2016,6300.0,2037.0,0.03199,1.8209993
HATS-36 b,13.843115,1022.14128,2018,6149.0,1356.0,0.05425,4.1752387
HATS-37 A b,6.792654,31.46517,2020,5326.0,1085.0,0.04913,4.3315366
HATS-38 b,6.882326,23.51942,2020,5732.0,1294.0,0.05036,4.375021
HATS-39 b,17.59813,200.2329,2018,6572.0,1645.0,0.06007,4.5776348
HATS-4 b,11.433,420.471,2014,5403.0,1315.0,0.0362,2.516729
HATS-40 b,17.71022,505.3497,2018,6460.0,2101.0,0.04997,3.2642736
HATS-41 b,14.90797,3082.951,2018,6424.0,1710.0,0.0583,4.193649
HATS-42 b,15.6926,597.5204,2018,6060.0,1856.0,0.03689,2.292102
HATS-43 b,13.22662,82.95363,2018,5099.0,1003.0,0.04944,4.3888497
HATS-44 b,11.960003,177.9848,2018,5080.0,1161.0,0.03649,2.7439004
HATS-45 b,14.414774,222.481,2018,6450.0,1518.0,0.05511,4.1876244
HATS-46 b,10.121727,54.98459,2018,5495.0,1054.0,0.05367,4.7423729
HATS-47 b,12.520453,117.27927,2020,4512.0,852.9,0.04269,3.9228038
HATS-48 A b,8.9672,77.23269,2020,4546.0,954.6,0.03769,3.1316666
HATS-49 b,8.574885,112.19399,2020,4405.0,834.8,0.04515,4.1480467
HATS-5 b,10.223,75.323,2014,5304.0,1025.0,0.0542,4.763387
HATS-51 b,15.80469,244.09344,2017,5758.0,1553.0,0.04639,3.3488702
HATS-52 b,15.490838,711.9392,2017,6010.0,1834.0,0.02498,1.36665436
HATS-53 b,15.02006,189.10885,2017,5644.0,1312.0,0.04753,3.8537768
HATS-54 b,11.37711541,239.32479047,2019,5621.0,1429.0,0.037,2.5441765
HATS-54 b,11.960003,241.5508,2019,5702.0,1625.0,0.03763,2.5441828
HATS-55 b,14.022459,292.72143,2019,6214.0,1367.0,0.05412,4.2042001
HATS-56 b,18.920792,191.33366,2019,6536.0,1902.0,0.06043,4.324799
HATS-57 b,12.767051,1000.21101,2019,5587.0,1413.4,0.03493,2.350621
HATS-58 A b,12.273855,327.3649,2019,7175.0,1721.0,0.05798,4.2180896
HATS-59 b,12.621334,256.17098,2018,5670.0,1128.0,0.06112,5.416081
HATS-6 b,11.186582,101.38777,2015,3724.0,712.8,0.03623,3.3252725
HATS-60 b,12.923977,210.40346,2018,5688.0,1528.0,0.04708,3.560829
HATS-61 b,13.394755,1080.622,2018,5542.0,1226.1,0.07908,7.817953
HATS-62 b,11.825495,56.89157,2018,5416.0,1237.0,0.04163,3.2768837
HATS-63 b,13.529263,305.1168,2018,5627.0,1398.3,0.04026,3.0566527
HATS-64 b,18.819911,305.1168,2018,6554.0,1793.0,0.06562,4.908897
HATS-65 b,16.824709,260.93843,2018,6277.0,1634.0,0.04497,3.105161
HATS-66 b,15.815899,1694.0339,2018,6626.0,1998.0,0.04714,3.1414391
HATS-67 b,18.887165,460.8535,2018,6594.0,2193.0,0.03032,1.6091788
HATS-68 b,13.809488,410.0007,2018,6147.0,1741.0,0.05071,3.5862202
HATS-69 b,10.592505,183.38791,2018,5137.0,1295.7,0.03211,2.2252577
HATS-7 b,6.310667,38.1396,2015,4985.0,1084.0,0.04012,3.185315
HATS-70 b,15.513256,4100.007,2019,7930.0,2730.0,0.03632,1.8882378
HATS-71 b,11.478016,117.5971,2020,3405.0,586.8,0.03745,3.7955202
HATS-72 b,8.0973816,39.855882,2020,4656.1,739.3,0.066517,7.3279474
HATS-74 A b,11.56766808,464.02947422,2021,3776.9,895.1,0.02384,1.73185606
HATS-75 b,9.90873894,156.05374784,2021,3790.4,772.3,0.032742,2.7886556
HATS-76 b,12.09449018,835.570882,2021,4016.0,939.8,0.02658,1.9416423
HATS-77 b,13.05846252,436.69623122,2021,4071.0,828.3,0.03607,3.0876262
HATS-8 b,9.785457,43.86054,2015,5679.0,1324.0,0.04667,3.583893
HATS-9 b,11.937585,266.02371,2015,5366.0,1823.0,0.03048,1.9153073
HD 106315 b,2.44,12.6,2017,6327.0,1153.0,0.0907,9.55237
HD 106315 c,4.35,15.2,2017,6327.0,886.0,0.1536,21.05704
HD 110067 b,2.2,5.69,2023,5266.0,800.0,0.0793,9.113678
HD 110067 c,2.388,6.3,2023,5266.0,699.0,0.1039,13.673694
HD 110067 d,2.852,8.52,2023,5266.0,602.0,0.1362,20.519617
HD 110067 e,1.94,3.9,2023,5266.0,533.0,0.1785,30.793091
HD 110067 f,2.601,5.04,2023,5266.0,489.0,0.2163,41.05854
HD 110067 g,2.607,8.4,2023,5266.0,440.0,0.2621,54.76992
HD 110113 b,2.05,4.55,2021,5732.0,1371.0,0.035,2.541
HD 118203 b,12.778238,680.15279098,2005,5742.0,1361.0,0.0713,6.1349779
HD 118203 b,12.06086323,725.28442477,2005,5872.0,1360.0,0.08635,6.1349847
HD 118203 b,12.55405838,693.50158407,2005,5788.0,1371.0,0.0701,6.134989
HD 118203 b,12.73340208,688.41632956,2005,5683.0,1494.0,0.07071,6.134985
HD 135694 b,2.5320132,6.1,2023,5698.0,750.83,0.12,15.92346
HD 135694 b,2.51,5.7,2023,5710.0,815.0,0.12,15.92346
HD 136352 b,1.482,4.62,2019,5850.0,911.0,0.0969,11.57779
HD 136352 b,1.664,4.72,2019,5664.0,905.0,0.0964,11.57797
HD 136352 c,2.608,11.29,2019,5850.0,682.0,0.1729,27.5909
HD 136352 c,2.916,11.24,2019,5664.0,677.0,0.1721,27.59221
HD 136352 d,2.562,8.82,2019,5664.0,431.0,0.425,107.245
HD 137496 b,1.31,4.04,2021,5799.0,2130.0,0.02732,1.62116
HD 1397 b,11.500434,131.89945,2018,5521.0,1228.3,0.1097,11.53533
HD 1397 b,11.466807,116.64361,2018,5474.0,1519.0,0.1003,11.5366
HD 149026 b,7.330686,114.10097,2005,6160.0,1634.0,0.04313,2.87598
HD 149026 b,6.83749,113.14748,2005,6147.0,1626.0,0.04288,2.8758911
HD 15337 b,1.699,7.2,2019,5131.0,1006.0,0.05245,4.75642
HD 15337 b,1.64,7.51,2019,5125.0,1001.0,0.0522,4.75615
HD 15337 c,2.522,8.79,2019,5131.0,656.1,0.1235,17.1784
HD 15337 c,2.39,8.11,2019,5125.0,642.0,0.1268,17.1784
HD 17156 b,11.937585,1036.76146,2007,6079.0,883.0,0.1637,21.216398
HD 183579 b,3.49,20.4,2021,5784.0,752.0,0.1322,17.471291
HD 183579 b,3.53,11.2,2021,5706.0,748.0,0.13,17.471275
HD 183579 b,3.55,19.7,2021,5788.0,769.0,0.1334,17.471278
HD 18599 b,2.7,25.5,2022,5083.0,863.0,0.05,4.137437
HD 189733 b,12.901559,365.5045,2005,5050.0,1191.0,0.03142,2.21857578
HD 189733 b,12.756,363.582,2005,5040.0,1201.0,0.03099,2.218573
HD 189733 b,12.542871,370.58978,2005,5050.0,1209.0,0.03106,2.218577
HD 191939 b,3.39512346,9.6,2020,5385.0,818.69,0.079,8.8803232
HD 191939 b,3.41,10.0,2020,5348.0,880.0,0.0804,8.8803256
HD 191939 b,3.39,10.4,2020,5348.0,893.0,0.078,8.88029
HD 191939 c,3.1823776,6.1,2020,5385.0,554.51,0.171,28.579889
HD 191939 c,3.195,8.0,2020,5348.0,600.0,0.1752,28.579743
HD 191939 c,3.08,7.2,2020,5348.0,605.0,0.17,28.5805
HD 191939 d,2.995,2.8,2020,5348.0,540.0,0.2132,38.353037
HD 191939 d,3.1168896,2.2,2020,5385.0,502.73,0.209,38.352562
HD 191939 d,3.04,5.8,2020,5348.0,549.0,0.207,38.3525
HD 202772 A b,17.317905,323.23311,2019,6272.0,2132.0,0.05208,3.308958
HD 20329 b,1.72,7.42,2022,5596.0,2141.0,0.018,0.926118
HD 207496 b,2.25,6.1,2023,4819.0,743.0,0.0629,6.441008
HD 207897 b,2.501,14.4,2021,5070.0,632.2,0.1163,16.202159
HD 207897 b,2.34302132,14.8,2021,5106.0,581.75,0.117,16.20166
HD 209458 b,15.46842,226.93062,1999,6117.0,1459.0,0.04747,3.52474859
HD 209458 b,15.233,217.704,1999,6065.0,1449.0,0.04707,3.524746
HD 213885 b,1.745,8.83,2019,5978.0,2128.0,0.02012,1.008035
HD 21520 b,2.697,17.7,2024,5871.0,637.0,0.1726,25.1292
HD 21749 c,0.892,3.7,2019,4640.0,701.0,0.0695,7.78993
HD 219134 b,1.602,4.74,2015,4699.0,1015.0,0.03876,3.092926
HD 219134 c,1.511,4.36,2015,4699.0,782.0,0.0653,6.76458
HD 219134 d,1.61,16.17,2015,4699.0,410.5,0.237,46.859
HD 219134 f,1.31,7.3,2015,4699.0,522.6,0.1463,22.717
HD 219666 b,4.71,16.6,2018,5527.0,1073.0,0.06356,6.03607
HD 22946 d,2.607,26.57,2023,6169.0,546.0,0.2958,47.42489
HD 23472 b,2.0,8.32,2019,4684.0,543.0,0.1162,17.667087
HD 23472 c,1.87,3.41,2019,4684.0,467.0,0.1646,29.79749
HD 23472 d,0.75,0.55,2022,4684.0,909.0,0.04298,3.97664
HD 23472 e,0.818,0.72,2022,4684.0,723.0,0.068,7.90754
HD 23472 f,1.137,0.77,2022,4684.0,630.0,0.0906,12.1621839
HD 235088 b,2.07506422,4.2,2023,5087.0,753.95,0.071,7.434151
HD 25463 b,2.62,8.5,2023,6220.0,1290.0,0.076,7.049144
HD 25463 b,2.54535814,8.7,2023,6353.0,1198.46,0.076,7.0491423
HD 25463 c,1.5,4.1,2023,6220.0,1707.0,0.0435,3.04405
HD 25463 c,1.36354953,4.3,2023,6353.0,1585.57,0.0443,3.04405
HD 260655 b,1.24,2.14,2022,3803.0,709.0,0.02933,2.76953
HD 260655 c,1.533,3.09,2022,3803.0,557.0,0.04749,5.70588
HD 2685 b,16.14096,371.8611,2019,6801.0,2061.0,0.0568,4.12688
HD 28109 b,2.199,18.496,2022,6120.0,881.2,0.1357,22.89104
HD 28109 c,4.23,7.943,2022,6120.0,585.2,0.308,56.00819
HD 28109 d,3.25,5.681,2022,6120.0,506.5,0.411,84.25999
HD 3167 b,1.67,4.97,2016,5261.0,1774.0,0.01796,0.959641
HD 3167 b,1.574,5.69,2016,5286.0,1759.0,0.01752,0.959632
HD 3167 b,1.627,4.73,2016,5300.0,1777.0,0.01802,0.95965428
HD 3167 c,3.0,11.13,2016,5261.0,564.0,0.1776,29.8454
HD 3167 c,2.923,10.67,2016,5300.0,565.0,0.1783,29.8464948
HD 3167 c,2.74,8.33,2016,5286.0,548.0,0.1806,29.84622
HD 332231 b,9.07303305,74.1,2020,6128.0,798.3,0.145,18.712024
HD 332231 b,9.718203,77.55052,2020,6089.0,876.0,0.1436,18.71204
HD 35843 c,2.54,11.32,2025,5666.0,479.0,0.25,46.9622
HD 42813 b,3.41,9.1,2023,5289.0,716.0,0.111,13.6308205
HD 42813 b,3.48,9.6,2023,5289.0,777.0,0.107,13.63083
HD 42813 b,3.42633318,5.9,2023,5323.0,703.39,0.11,13.630828
HD 42813 b,3.36,5.8,2023,5240.0,755.0,0.109,13.63083
HD 5278 b,2.45,7.8,2021,6203.0,943.0,0.1202,14.339156
HD 6061 b,2.42763557,10.0,2023,5934.0,1075.31,0.06,5.2549
HD 6061 b,2.45,10.8,2023,5920.0,1194.0,0.059,5.254467
HD 63433 b,2.16351593,37.3,2020,5634.0,886.44,0.072,7.1079384
HD 63433 c,2.58229101,17.2,2020,5634.0,622.31,0.146,20.543847
HD 63935 b,2.91575244,10.5,2021,5513.0,825.22,0.083,9.058807
HD 63935 c,3.06451296,11.1,2021,5513.0,619.59,0.148,21.4027
HD 73344 b,2.884,10.48,2024,6252.6,911.0,0.131,15.611
HD 73583 b,2.84,15.9,2022,4582.0,742.7,0.05995,6.3980661
HD 73583 b,2.79,10.2,2022,4511.0,714.0,0.0604,6.398042
HD 73583 c,2.73,22.5,2022,4582.0,517.8,0.1233,18.8805
HD 73583 c,2.39,9.7,2022,4511.0,498.0,0.1242,18.87974
HD 77946 b,2.89646124,10.9,2024,6007.0,1128.86,0.073,6.527363
HD 80606 b,11.242627,1307.55262,2001,5574.0,405.0,0.4564,111.4367
HD 80653 b,1.613,5.72,2020,5959.0,2463.0,0.01661,0.719573
HD 86226 c,2.16,7.25,2020,5863.0,1311.0,0.049,3.98442
HD 88986 b,2.49,17.2,2023,5861.0,460.0,0.58,146.05
HD 89345 b,7.39794,34.9613,2018,5576.0,1089.0,0.1066,11.8143
HD 89345 b,7.263432,38.45743,2018,5622.0,1068.0,0.1115,11.8143
HD 89345 b,6.86,35.7,2018,5499.0,1053.0,0.105,11.81399
HD 93963 A b,1.46954368,2.8,2022,5908.0,1842.23,0.02061,1.0376109
HD 93963 A b,1.35,7.8,2022,5987.0,2042.0,0.02085,1.0391353
HD 93963 A c,3.228,19.2,2022,5987.0,1344.0,0.04813,3.6451398
HD 93963 A c,3.11976057,18.4,2022,5908.0,1212.45,0.04726,3.6451389
HD 95338 b,3.89,42.44,2020,5212.0,385.0,0.262,55.087
HD 97658 b,2.247,7.55,2010,5170.0,757.0,0.08,9.4903
HIP 116454 b,2.53,11.82,2014,5089.0,690.0,0.0906,9.1205
HIP 116454 b,2.53,10.1,2014,5089.0,745.0,0.07765,9.0949
HIP 116454 b,2.469,9.7,2014,5048.0,753.2,0.0792,9.1004157
HIP 29442 c,1.551,4.5,2023,5289.0,1123.0,0.04518,3.5379559
HIP 29442 c,1.58,4.5,2023,5289.0,1217.0,0.0436,3.53796
HIP 29442 d,1.37,5.1,2023,5289.0,998.0,0.0649,6.42975
HIP 29442 d,1.538,5.14,2023,5289.0,920.0,0.0673,6.429575
HIP 65 A b,22.75427,1021.18779,2020,4590.0,1411.0,0.01782,0.9809734
HIP 8152 b,2.53625843,8.9,2023,5618.0,794.96,0.093,10.751014
HIP 8152 b,2.56,7.8,2023,5530.0,855.0,0.092,10.75101
HIP 8152 c,2.52442508,10.7,2023,5618.0,650.68,0.139,19.60562
HIP 8152 c,2.48,9.4,2023,5530.0,699.0,0.138,19.6053
HIP 94235 b,3.0,379.0,2022,5991.0,1060.0,0.0787,7.713057
HIP 9618 b,3.75,8.4,2023,5550.0,685.0,0.144,20.77288
HIP 9618 b,3.82838127,8.3,2023,5649.0,640.88,0.145,20.772858
HIP 9618 b,3.9,10.0,2023,5609.0,663.4,0.1438,20.772907
HIP 9618 c,3.42855926,7.0,2023,5649.0,470.31,0.269,52.56363
HIP 9618 c,3.34,7.9,2023,5550.0,503.0,0.268,52.5636
HIP 9618 c,3.343,18.3,2023,5609.0,486.9,0.2669,52.563491
HIP 97166 b,2.74,20.0,2021,5198.0,757.0,0.089,10.28891
HIP 97166 b,2.4801338,19.1,2021,5216.0,701.66,0.091,10.288914
HR 858 b,2.004,3.55,2019,6354.0,1552.0,0.04888,3.585287
HR 858 c,1.979,3.8,2019,6354.0,1309.0,0.0687,5.973865
HR 858 d,2.001,7.1,2019,6354.0,1061.0,0.1046,11.230511
K2-100 b,3.88,21.8,2016,5945.0,1841.0,0.0301,1.6739035
K2-107 b,16.14096,266.9772,2017,6030.0,1780.0,0.048,3.31392
K2-108 b,5.28,59.4,2017,5474.0,1446.0,0.0573,4.73401
K2-110 b,2.592,15.9,2017,5010.0,638.0,0.10207,13.86375
K2-110 b,2.592,16.7,2017,5010.0,640.0,0.1021,13.86375
K2-111 b,1.82,5.58,2017,5775.0,1309.0,0.0565,5.3518
K2-111 b,1.9,8.6,2017,5730.0,1309.0,0.0621,5.35117
K2-113 b,10.42437,410.0007,2017,5627.0,1178.0,0.0558,5.817608
K2-114 b,10.59248676,638.83509807,2017,4899.0,701.4,0.0944,11.390931
K2-114 b,10.558878,587.9855,2017,5027.0,719.0,0.09309,11.39109
K2-114 b,10.44677001,638.83509807,2017,4920.0,701.0,0.0943,11.3909311
K2-115 b,11.80305668,321.00669107,2017,5870.0,696.0,0.1415,20.2729914
K2-115 b,12.498035,266.9772,2017,5560.0,682.0,0.1367,20.273034
K2-12 b,2.44,5.2,2015,5672.0,1026.0,0.0792,8.28246
K2-131 b,1.69,7.9,2017,5120.0,2223.0,0.00936,0.3693038
K2-132 b,12.206601,157.32585,2017,4878.0,1586.0,0.0916,9.1708
K2-136 b,1.014,4.3,2017,4500.0,610.0,0.0707,7.9752
K2-136 c,3.0,18.1,2017,4500.0,470.0,0.1185,17.30713
K2-136 d,1.565,3.0,2017,4500.0,420.0,0.1538,25.575
K2-137 b,0.89,158.915,2017,3492.0,1471.0,0.0058,0.179715
K2-139 b,9.056872,123.00021,2017,5340.0,565.0,0.179,28.38236
K2-140 b,12.273855,323.86877,2017,5654.0,1114.0,0.0591,6.5693
K2-140 b,13.56286665,295.58041851,2017,5585.0,962.0,0.068,6.569188
K2-141 b,1.54,5.31,2018,4373.0,2039.0,0.00716,0.2803226
K2-141 b,1.51,4.97,2018,4570.0,2103.0,0.00747,0.2803244
K2-141 c,7.0,8.0,2018,4570.0,695.0,0.0683,7.7485
K2-157 b,0.935,1.14,2018,5334.0,2432.0,0.00962,0.3652575
K2-167 b,2.3,6.5,2018,6011.0,1174.0,0.091,9.97748
K2-18 b,2.37,8.92,2015,3457.0,284.0,0.1429,32.939623
K2-18 b,2.38,7.96,2015,3457.0,235.0,0.143,32.93963
K2-18 b,2.61,8.63,2015,3457.0,254.9,0.1591,32.940045
K2-180 b,2.46597575,11.41003981,2018,5365.0,797.5,0.0756,8.865663
K2-180 b,2.24179614,11.44182265,2018,5110.0,729.0,0.075,8.8665
K2-182 b,2.69,20.0,2018,5170.0,969.0,0.0526,4.7369683
K2-182 b,2.71257333,20.97667486,2018,5128.0,965.8,0.05174,4.7369696
K2-199 b,1.73,6.9,2018,4491.0,913.0,0.0382,3.2253993
K2-199 c,2.85,12.4,2018,4491.0,694.0,0.0662,7.3744897
K2-216 b,1.75,8.0,2018,4503.0,1103.0,0.028,2.1748
K2-22 b,2.5,444.962,2015,3830.0,2100.0,0.0088,0.381078
K2-222 b,2.35,8.7,2018,5942.0,871.0,0.1206,15.38857
K2-229 b,1.164,2.59,2018,5185.0,1960.0,0.012888,0.584249
K2-229 c,2.12,21.3,2018,5185.0,800.0,0.07577,8.32834
K2-232 b,11.209,126.49634,2018,6154.0,1030.0,0.10356,11.168454
K2-232 b,11.859122,123.00021,2018,5888.0,1001.0,0.0991,11.168459
K2-233 b,1.343,11.26,2018,5033.0,1121.0,0.03308,2.4675
K2-233 c,1.281,12.81,2018,5033.0,790.0,0.06666,7.06005
K2-233 d,2.358,21.14,2018,5033.0,523.0,0.15224,24.3645
K2-237 b,18.49485,508.528,2018,6257.0,1884.0,0.037,2.18056
K2-237 b,16.06246934,434.15360396,2018,6180.0,1759.0,0.03552,2.18053332
K2-237 b,16.19697711,433.20011874,2018,6360.0,1828.0,0.03558,2.18053539
K2-237 b,18.405178,392.83788,2018,6099.0,1838.0,0.0353,2.1805577
K2-238 b,14.5717,273.3338,2018,5630.0,1587.0,0.046,3.20466
K2-24 b,5.68,21.0,2016,5743.0,767.0,0.154,20.8851
K2-24 c,7.82,27.0,2016,5743.0,606.0,0.247,42.3633
K2-25 b,3.44,24.5,2015,3207.0,494.0,0.0287,3.48456408
K2-260 b,18.41635529,546.66486004,2018,6860.0,2090.0,0.04392,2.62669762
K2-260 b,17.396368,451.3186,2018,6367.0,1957.0,0.0404,2.6266657
K2-261 b,9.52763359,59.75174052,2018,5445.0,1046.0,0.1034,11.633478
K2-261 b,9.52765,70.87609,2018,5537.0,1080.0,0.102,11.63344
K2-261 b,9.50521563,67.69745069,2018,5503.0,1030.0,0.1087,11.633478
K2-261 b,9.26982704,68.96876432,2018,5490.0,1036.0,0.1086,11.6334681
K2-263 b,2.41,14.9,2018,5368.0,470.0,0.2573,50.818947
K2-263 b,2.41,14.8,2018,5368.0,470.0,0.2573,50.818947
K2-265 b,1.70824866,7.3418362,2018,5420.0,1366.0,0.03359,2.36902
K2-266 b,3.3,11.26782377,2018,4285.0,1515.0,0.01306,0.658524
K2-266 c,0.705,0.29013072,2018,4285.0,664.5,0.0679,7.814
K2-266 d,2.93,8.9,2018,4285.0,538.3,0.1035,14.697
K2-266 e,2.73,14.3,2018,4285.0,490.1,0.1249,19.482
K2-27 b,4.48,30.9,2016,5248.0,902.0,0.06702,6.771315
K2-280 b,7.5,37.1,2018,5500.0,787.0,0.1461,19.89526
K2-285 b,2.59,9.68,2018,4975.0,1088.9,0.03817,3.471745
K2-285 c,3.53,15.68,2018,4975.0,741.4,0.0824,7.138048
K2-285 d,2.48,6.5,2018,4975.0,619.9,0.1178,10.45582
K2-285 e,1.95,10.7,2018,4975.0,500.9,0.18041,14.76289
K2-287 b,9.494023,100.11645,2018,5695.0,804.0,0.1206,14.893291
K2-29 b,13.33871,232.0159,2016,5358.0,1171.0,0.04217,3.2588321
K2-29 b,11.209,194.82979,2016,5222.0,1076.0,0.04097,3.2589263
K2-290 b,3.06,10.9,2019,6302.0,1230.0,0.0923,9.21165
K2-290 c,11.276254,246.00042,2019,6302.0,676.0,0.305,48.36685
K2-292 b,2.63,24.5,2019,5725.0,795.0,0.13,16.9841
K2-295 b,10.054473,106.47305,2018,4444.0,852.0,0.0451,4.024867
K2-3 b,2.078,5.11,2015,3844.0,501.3,0.0747,10.0546535
K2-3 b,2.25,6.47,2015,3835.0,513.0,0.0778,10.054626
K2-3 c,1.69,3.3,2015,3835.0,381.0,0.1414,24.646582
K2-3 c,1.582,2.68,2015,3844.0,371.8,0.1357,24.646729
K2-3 d,1.62,1.6,2015,3835.0,312.0,0.2097,44.556456
K2-3 d,1.458,2.2,2015,3844.0,305.2,0.2014,44.55603
K2-30 b,11.982421,187.20187,2016,5575.0,1203.0,0.0419,4.09849
K2-30 b,13.405964,198.00809,2016,5581.0,1185.0,0.04986,4.098507
K2-30 b,11.646151,184.02357,2016,5425.0,1092.0,0.04839,4.098503
K2-32 b,5.299,15.0,2016,5271.0,837.0,0.0795,8.992
K2-32 b,5.13,16.5,2016,5275.0,817.0,0.08036,8.99213
K2-32 c,3.134,8.1,2016,5271.0,634.0,0.13843,20.66093
K2-32 c,3.01,12.1,2016,5275.0,619.0,0.1399,20.6602
K2-32 d,3.43,10.3,2016,5275.0,537.0,0.1862,31.7154
K2-32 d,3.484,6.7,2016,5271.0,550.0,0.18422,31.71701
K2-32 e,1.212,2.1,2019,5271.0,1066.0,0.04899,4.34934
K2-329 b,8.675766,82.6358,2020,5282.0,650.0,0.1016,12.4551225
K2-33 b,5.76,1144.188,2016,3410.0,850.0,0.0409,5.42513
K2-34 b,15.434793,539.67534,2016,6149.0,1715.0,0.0465,2.995629
K2-34 b,15.13215,559.3808,2016,6132.0,1742.0,0.04419,2.995607
K2-36 b,1.43,4.3,2016,4916.0,1328.0,0.02288,1.422614
K2-36 b,1.43,3.9,2016,4916.0,1224.0,0.0223,1.422614
K2-36 c,3.2,7.9,2016,4916.0,854.0,0.05528,5.340888
K2-36 c,3.2,7.8,2016,4916.0,788.0,0.054,5.340888
K2-38 b,1.655,7.7,2016,5705.0,1310.0,0.0503,4.01593
K2-38 b,1.54,7.3,2016,5731.0,1266.0,0.04994,4.01593
K2-38 b,1.55,12.0,2016,5757.0,1184.0,0.0506,4.01593
K2-38 c,2.29,8.3,2016,5731.0,916.0,0.09514,10.56103
K2-38 c,2.42,9.9,2016,5757.0,858.0,0.0964,10.56103
K2-38 c,2.49,7.4,2016,5705.0,949.0,0.0959,10.56103
K2-39 b,5.71,39.8,2016,4912.0,1670.0,0.0574,4.60497
K2-415 b,1.015,7.5,2023,3173.0,412.4,0.027,4.0179694
K2-416 b,2.66,1652.7077164,2023,3746.0,447.0,0.088,13.102
K2-417 b,3.31,699.2224954,2023,3861.0,558.0,0.063,6.535
K2-419 A b,10.55,196.0,2024,3711.0,377.0,0.1208,20.35847252
K2-60 b,7.655747,135.39558,2016,5500.0,1400.0,0.045,3.00265
K2-66 b,2.49,21.3,2016,5887.0,1372.0,0.05983,5.06963
K2-79 b,4.09,9.2,2016,5897.0,1022.0,0.0988,10.9947
K2-97 b,13.45077684,174.48779544,2016,4673.0,1566.0,0.0854,8.407115
K2-98 b,4.3,32.2,2016,6120.0,1102.0,0.0943,10.13675
K2-98 b,5.06645928,34.00763955,2016,6260.0,1185.0,0.0986,10.1367349
K2-99 b,11.88151954,276.51071409,2016,6069.0,1184.0,0.153,18.24783
KELT-10 b,15.681391,215.80657,2016,5948.0,1377.0,0.0525,4.1662739
KELT-11 b,15.35633,61.97685,2017,5370.0,1712.0,0.06229,4.736529
KELT-11 b,15.13212395,65.15482343,2017,5375.0,1712.0,0.0623,4.73620865
KELT-12 b,19.95202,301.9385,2017,6279.0,1800.0,0.06708,5.031623
KELT-14 b,17.03768,380.12468,2016,5802.0,1904.0,0.02956,1.7100588
KELT-14 b,19.537287,408.09372,2016,5720.0,1970.0,0.03005,1.7100566
KELT-15 b,16.174587,289.2253,2016,6003.0,1642.0,0.04613,3.329441
KELT-16 b,15.860735,874.0325,2017,6236.0,2453.0,0.02044,0.9689951
KELT-17 b,17.093725,416.3573,2016,7454.0,2087.0,0.04881,3.0801716
KELT-18 b,17.59813,375.0394,2017,6670.0,2085.0,0.0455,2.8717518
KELT-19 A b,21.40919,1293.5681,2017,7500.0,1935.0,0.0637,4.6117093
KELT-20 b,20.51247,5403.11,2017,8980.0,2260.0,0.057,3.474119
KELT-20 b,19.514869,1074.90106,2017,8720.0,2262.0,0.0542,3.4741085
KELT-21 b,17.777474,1242.7153,2018,7598.0,2051.0,0.05224,3.6127647
KELT-23 A b,14.829507,298.12454,2019,5899.0,1561.0,0.03302,2.255251
KELT-24 b,15.24421375,1334.8793094,2019,6415.0,1473.0,0.067,5.55149
KELT-24 b,12.71098411,1458.83238813,2019,6426.0,1391.0,0.0665,5.55149296
KELT-24 b,14.257848,1646.3594,2019,6509.0,1459.0,0.06969,5.5514926
KELT-3 b,15.076,469.415,2013,6306.0,1816.0,0.04122,2.7033904
KELT-4 A b,19.044091,286.68266,2016,6206.0,1823.0,0.04317,2.9895932
KELT-6 b,13.372,136.661,2014,6102.0,1313.0,0.07939,7.8457
KELT-7 b,17.183397,406.8224,2015,6789.0,2048.0,0.04415,2.7347749
KELT-8 b,20.84874,275.55861,2015,5754.0,1675.0,0.04571,3.24406
KELT-9 b,21.196219,915.3504,2017,10170.0,4050.0,0.03462,1.4811235
KOI-1257 b,10.54,460.83,2014,5520.0,511.0,0.382,86.647661
KOI-13 b,16.948008,2949.4624,2011,7650.0,2550.0,0.03641,1.763588
KOI-3680 b,11.09691,613.4119,2018,5830.0,347.0,0.534,141.241671
KOI-4777.01,0.51,99.2,2022,3515.0,1180.0,0.008,0.412
KOI-94 b,1.71,10.5,2013,6182.0,1486.0,0.05119,3.743208
KOI-94 c,4.32,15.6,2013,6182.0,1012.0,0.1013,10.423648
KOI-94 d,11.27,106.0,2013,6182.0,806.0,0.1684,22.342989
KOI-94 e,6.56,35.0,2013,6182.0,584.0,0.3046,54.32031
KPS-1 b,11.54527,346.4347,2018,5165.0,1459.0,0.0269,1.706291
Kepler-10 b,1.416,4.56,2011,5627.0,1833.0,0.01684,0.837495
Kepler-10 b,1.4807089,4.608535,2011,5627.0,2130.0,0.0172,0.837491
Kepler-10 b,1.47,3.24,2011,5708.0,2188.0,0.01685,0.8374907
Kepler-10 b,1.47,3.26,2011,5708.0,2188.0,0.01685,0.8374907
Kepler-10 b,1.46,4.6,2011,5643.0,2160.0,0.01687,0.8374912
Kepler-10 b,1.47,3.33,2011,5708.0,2169.0,0.01685,0.8374907
Kepler-10 c,2.355,11.29,2011,5708.0,579.0,0.241,45.294301
Kepler-10 c,2.227,20.0,2011,5627.0,485.0,0.2407,45.29485
Kepler-10 c,2.355,11.4,2011,5708.0,578.0,0.241,45.294301
Kepler-101 b,5.77,51.1,2014,5667.0,1513.0,0.0474,3.4876812
Kepler-101 c,1.25,3.78,2014,5667.0,1413.0,0.0684,6.02976
Kepler-102 b,0.46,1.1,2014,4909.0,857.0,0.05521,5.286965
Kepler-102 c,0.567,1.7,2014,4909.0,777.0,0.06702,7.071392
Kepler-102 d,1.154,3.0,2014,4909.0,686.0,0.08618,10.311767
Kepler-102 e,2.17,4.7,2013,4909.0,590.0,0.1162,16.1456994
Kepler-102 f,0.861,4.3,2014,4909.0,495.0,0.1656,27.453592
Kepler-103 b,3.486,9.8,2014,6009.0,973.0,0.13223,15.9653287
Kepler-103 c,5.45,38.0,2014,6009.0,434.0,0.6639,179.60978
Kepler-107 b,1.536,3.8,2014,5854.0,1592.0,0.04544,3.1800218
Kepler-107 b,1.536,3.51,2014,5854.0,1593.0,0.04544,3.1800218
Kepler-107 c,1.597,9.39,2014,5854.0,1379.0,0.06064,4.901452
Kepler-107 c,1.597,10.0,2014,5854.0,1378.0,0.06064,4.901452
Kepler-107 d,0.86,3.8,2014,5854.0,1173.0,0.08377,7.95839
Kepler-107 d,0.86,7.7,2014,5854.0,1173.0,0.08377,7.95839
Kepler-107 e,2.903,8.6,2014,5854.0,955.0,0.12639,14.749143
Kepler-107 e,2.903,14.1,2014,5854.0,955.0,0.12638,14.749143
Kepler-109 b,2.49,4.9,2014,5950.0,1276.0,0.0701,6.4816307
Kepler-109 c,2.65,8.2,2014,5950.0,859.0,0.1546,21.22265
Kepler-111 c,7.0840758,222.4798849,2014,5914.0,352.2,0.751,224.77833
Kepler-117 b,8.059,29.875,2014,6150.0,984.0,0.1445,18.7959228
Kepler-117 c,12.341,584.78,2014,6150.0,704.0,0.2804,50.790391
Kepler-12 b,19.660586,137.30256,2011,5947.0,1480.0,0.0553,4.4379629
Kepler-12 b,19.122554,136.6669,2011,5947.0,1485.0,0.0555,4.4379637
Kepler-138 b,0.64,0.07,2014,3841.0,452.0,0.0753,10.3134
Kepler-138 c,1.51,2.3,2014,3841.0,410.0,0.0913,13.7815
Kepler-138 d,1.51,2.1,2014,3841.0,345.0,0.1288,23.0923
Kepler-14 b,12.621334,2440.9344,2011,6395.0,1605.0,0.0771,6.790123
Kepler-15 b,14.448401,221.20968,2011,5595.0,1251.0,0.0583,4.942782
Kepler-1514 b,12.419572,1678.1424,2016,6145.0,387.9,0.753,217.83184
Kepler-1654 b,9.180171,158.915,2018,5597.0,206.0,2.026,1047.8356
Kepler-1655 b,2.213,5.4,2018,6148.0,938.0,0.1029,11.8728787
Kepler-1656 b,5.02,48.6,2018,5731.0,651.0,0.197,31.578659
Kepler-1661 b,3.87,17.0,2020,5100.0,243.0,0.633,175.06
Kepler-167 e,10.16,321.00669107,2016,4884.0,134.4,1.883,1071.23205
Kepler-17 b,14.68,778.65,2011,5781.0,1570.0,0.02591,1.4857108
Kepler-17 b,14.68379,743.7222,2011,5781.0,1712.0,0.02605,1.4857108
Kepler-1704 b,11.94877343,1322.16617312,2013,5746.0,253.8,2.027,988.88112
Kepler-1876 b,0.853,2.4,2021,6104.0,1299.0,0.0758,6.99205
Kepler-19 b,2.209,6.1,2011,5541.0,851.0,0.0846,9.28699
Kepler-20 b,1.773,9.7,2011,5495.0,1187.0,0.04565,3.6961049
Kepler-20 b,1.868,9.7,2011,5495.0,1105.0,0.0463,3.69611525
Kepler-20 b,1.91,8.7,2011,5455.0,1014.0,0.04537,3.6961219
Kepler-20 c,3.07,16.1,2011,5455.0,713.0,0.093,10.854092
Kepler-20 c,3.047,12.75,2011,5495.0,772.0,0.0949,10.85409089
Kepler-20 c,2.894,11.1,2011,5495.0,828.0,0.0936,10.8540774
Kepler-20 d,2.744,10.07,2011,5495.0,401.0,0.3506,77.61130017
Kepler-20 d,2.75,20.1,2011,5455.0,369.0,0.3453,77.61184
Kepler-20 d,2.606,13.4,2011,5495.0,430.0,0.3474,77.611455
Kepler-20 e,0.821,0.76,2011,5495.0,1004.0,0.0637,6.0984882
Kepler-20 f,0.952,1.4,2011,5495.0,681.0,0.1387,19.578328
Kepler-21 b,1.639,5.08,2012,6305.0,2025.0,0.0427172,2.78578
Kepler-21 b,1.6354,10.4,2012,6131.0,1956.0,0.042507,2.785755
Kepler-21 b,1.639,7.5,2012,6305.0,2015.0,0.0434,2.7858212
Kepler-22 b,2.1,9.1,2011,5596.0,279.0,0.812,289.863876
Kepler-22 b,2.38,36.0,2011,5518.0,262.0,0.849,289.8623
Kepler-323 b,1.381,3.9,2014,6004.0,1838.0,0.02778,1.678328
Kepler-323 c,1.57,6.8,2014,6004.0,1431.0,0.0458,3.5538229
Kepler-36 b,1.486,4.45,2012,5911.0,978.0,0.1153,13.83989
Kepler-36 c,3.679,8.08,2012,5911.0,928.0,0.1283,16.23855
Kepler-37 b,0.3098,0.79,2013,5357.0,718.0,0.1019,13.36702
Kepler-37 c,0.755,1.3,2013,5357.0,615.0,0.139,21.301848
Kepler-37 d,2.03,2.0,2013,5357.0,499.0,0.2109,39.7922622
Kepler-38 b,4.3,122.0,2012,5623.0,475.0,0.4632,105.599
Kepler-39 b,12.240228,5689.157,2011,6260.0,851.0,0.1539,21.087168
Kepler-39 b,13.68,5720.7,2011,6260.0,905.0,0.155,21.0874
Kepler-39 b,13.9,6388.1,2011,6350.0,897.0,0.164,21.08721
Kepler-4 b,4.124912,23.83725,2009,5857.0,1620.0,0.0449,3.213658
Kepler-4 b,4.002,24.472,2009,5857.0,1650.0,0.0456,3.21346
Kepler-40 b,13.11,699.2,2010,6510.0,1620.0,0.08,6.87349
Kepler-40 b,16.14096,686.5128,2010,6510.0,1744.0,0.0802,6.8731697
Kepler-40 b,14.23543,673.7996,2010,6510.0,1666.0,0.0795,6.87349
Kepler-409 b,1.199,6.0,2014,5421.0,438.0,0.3192,68.9583216
Kepler-41 b,9.550068,156.69019,2011,5660.0,1554.0,0.02895,1.8555588
Kepler-41 b,14.46,177.98,2011,5750.0,1790.0,0.03101,1.8555582
Kepler-41 b,11.65736,177.9848,2011,5620.0,1770.0,0.02396,1.8555577
Kepler-41 b,9.98,174.8,2011,5620.0,1730.0,0.03,1.855558
Kepler-412 b,15.031269,299.07803,2014,5750.0,1850.0,0.02897,1.7208604
Kepler-423 b,13.361,189.101,2014,5560.0,1605.0,0.03585,2.6843285
Kepler-425 b,10.962,79.45,2014,5170.0,1070.0,0.0464,3.79701816
Kepler-426 b,12.22,108.06,2014,5725.0,1300.0,0.0414,3.21751883
Kepler-427 b,13.79,92.17,2014,5800.0,1100.0,0.091,10.290994
Kepler-428 b,12.11,403.63,2014,5150.0,1070.0,0.0433,3.52563254
Kepler-43 b,12.498035,982.0947,2011,6041.0,1603.0,0.044,3.0240933
Kepler-43 b,13.0,994.77,2011,6050.0,1628.0,0.0444,3.02409309
Kepler-43 b,13.663771,1026.5909,2011,6041.0,1620.0,0.046,3.0240949
Kepler-43 b,13.45,1026.55,2011,6041.0,1637.0,0.0449,3.024095
Kepler-433 b,16.25,896.24,2015,6360.0,1776.0,0.0679,5.33408384
Kepler-434 b,12.67,908.96,2015,5977.0,1000.0,0.1143,12.8747099
Kepler-435 b,22.31,266.97,2015,6161.0,1729.0,0.0948,8.6001536
Kepler-44 b,13.9,324.17,2011,5757.0,1603.0,0.0455,3.24674
Kepler-44 b,12.22,317.82,2011,5800.0,1544.0,0.0446,3.2467293
Kepler-44 b,13.4508,327.3649,2011,5757.0,1568.0,0.0457,3.246722
Kepler-45 b,10.76,160.497,2011,3820.0,1000.0,0.03,2.455239
Kepler-45 b,11.197791,158.915,2011,3820.0,787.0,0.02954,2.45524122
Kepler-454 b,2.37,5.4,2015,5687.0,916.0,0.09528,10.5737534
Kepler-46 b,9.057,1907.0,2012,5155.0,543.0,0.1968,33.60134
Kepler-5 b,16.04,671.864,2009,6297.0,1868.0,0.05064,3.54846
Kepler-5 b,15.984034,670.93913,2009,6297.0,1750.0,0.0538,3.5484657
Kepler-5 b,13.56289,648.3732,2009,6297.0,1692.0,0.04967,3.548469
Kepler-51 b,7.1,2.1,2012,6018.0,543.0,0.2514,45.154
Kepler-51 c,9.0,4.0,2012,6018.0,439.0,0.384,85.312
Kepler-51 d,9.7,7.6,2014,6018.0,381.0,0.509,130.194
Kepler-538 b,2.215,10.6,2016,5547.0,380.0,0.4669,81.73778
Kepler-538 b,2.215,12.9,2016,5534.0,417.0,0.3554,81.73778
Kepler-539 b,8.373123,308.2951,2016,5820.0,387.6,0.4988,125.63243
Kepler-553 b,4.74139884,116.00736855,2016,5191.0,1089.0,0.04766,4.030467
Kepler-553 c,11.57887706,2129.4503269,2016,5191.0,251.0,0.898,328.24017
Kepler-6 b,14.83,212.619,2009,5647.0,1500.0,0.04567,3.234723
Kepler-6 b,13.103321,201.18639,2009,5647.0,1451.0,0.04438,3.234702
Kepler-6 b,14.616536,212.31044,2009,5647.0,1460.0,0.04852,3.2346996
Kepler-62 b,1.31,9.0,2013,4925.0,750.0,0.0553,5.714932
Kepler-62 c,0.54,4.0,2013,4925.0,578.0,0.0929,12.4417
Kepler-62 d,1.95,14.0,2013,4925.0,510.0,0.12,18.16406
Kepler-62 e,1.61,36.0,2013,4925.0,270.0,0.427,122.3874
Kepler-62 f,1.41,35.0,2013,4925.0,208.0,0.718,267.291
Kepler-68 b,2.357,8.03,2013,5847.0,1275.0,0.06135,5.39875259
Kepler-68 b,2.31,8.3,2013,5793.0,1280.0,0.0617,5.398763
Kepler-68 c,0.979,1.3,2013,5847.0,1052.0,0.09008,9.605027
Kepler-7 b,16.567,137.615,2009,5933.0,1540.0,0.06224,4.885525
Kepler-7 b,18.483641,143.97699,2009,5933.0,1619.0,0.06324,4.8854922
Kepler-7 b,18.180998,140.16303,2009,5933.0,1630.0,0.06067,4.8854892
Kepler-7 b,17.956818,135.07775,2009,5933.0,1621.0,0.0613,4.8854948
Kepler-74 b,10.76,200.22,2013,6000.0,1078.0,0.0781,7.340711
Kepler-74 b,14.8,216.12,2013,6050.0,1250.0,0.084,7.340718
Kepler-75 b,11.55,3146.4,2013,5330.0,850.0,0.08,8.884924
Kepler-75 b,11.77,3209.9,2013,5200.0,767.0,0.0818,8.8849116
Kepler-76 b,15.24424,638.8383,2013,6409.0,2140.0,0.0274,1.5449298
Kepler-77 b,10.761,136.661,2013,5520.0,1440.0,0.04501,3.57878087
Kepler-78 b,1.201,1.68,2013,5058.0,2223.0,0.00901,0.35500745
Kepler-8 b,15.906,191.643,2010,6213.0,1764.0,0.0483,3.52254
Kepler-8 b,15.479629,187.5197,2010,6213.0,1662.0,0.0485,3.5225047
Kepler-8 b,15.871944,187.5197,2010,6213.0,1680.0,0.0474,3.5224991
Kepler-849 b,8.08167508,298.75870258,2016,5950.0,362.7,1.137,394.62508
Kepler-87 b,13.49,324.2,2013,5600.0,478.0,0.481,114.73635
Kepler-87 c,6.14,6.4,2013,5600.0,403.0,0.676,191.2318
Kepler-91 b,15.322703,257.4423,2013,4550.0,2040.0,0.0731,6.24658
Kepler-93 b,1.478,4.02,2014,5655.0,1037.0,0.053,4.72673978
Kepler-93 b,1.478,4.66,2014,5669.0,1133.0,0.05343,4.72673978
L 168-9 b,1.63,4.07,2020,3842.0,998.0,0.0208,1.40152604
L 168-9 b,1.39,4.6,2020,3800.0,965.0,0.02091,1.4015
L 98-59 b,0.85,0.4,2019,3415.0,627.0,0.02191,2.2531136
L 98-59 b,0.8,1.01,2019,3412.0,610.0,0.02282,2.2531
L 98-59 c,1.385,2.22,2019,3415.0,553.0,0.0304,3.6906777
L 98-59 c,1.35,2.42,2019,3412.0,517.0,0.0317,3.6904
L 98-59 d,1.57,2.31,2019,3412.0,409.0,0.0506,7.4512
L 98-59 d,1.521,1.94,2019,3415.0,416.0,0.0486,7.4507245
LHS 1140 b,1.727,6.98,2017,3216.0,235.0,0.0936,24.736959
LHS 1140 b,1.635,6.38,2017,2988.0,378.9,0.0957,24.73694
LHS 1140 b,1.43,6.65,2017,3131.0,230.0,0.0875,24.73712
LHS 1140 b,1.73,5.6,2017,3096.0,226.0,0.0946,24.73723
LHS 1140 c,1.282,1.81,2018,3216.0,438.0,0.02675,3.777931
LHS 1140 c,1.169,1.76,2018,2988.0,708.9,0.02734,3.77792
LHS 1140 c,1.272,1.91,2018,3096.0,422.0,0.027,3.77794
LHS 1478 b,1.242,2.33,2021,3381.0,595.0,0.01848,1.9495378
LHS 1815 b,1.088,8.7,2020,3643.0,617.0,0.0404,3.81433
LP 714-47 b,4.7,30.8,2020,3950.0,700.0,0.0417,4.052037
LP 791-18 c,2.438,7.1,2019,2960.0,324.4,0.02961,4.9899093
LP 791-18 d,1.032,0.9,2023,2960.0,395.5,0.01992,2.753436
LP 890-9 b,1.32,13.2,2022,2850.0,396.0,0.01875,2.7299025
LP 890-9 c,1.367,25.3,2022,2850.0,272.0,0.03984,8.457463
LTT 1445 A b,1.305,2.87,2019,3340.0,424.0,0.03813,5.3587657
LTT 1445 A b,1.38,2.2,2019,3337.0,433.0,0.03807,5.35882
LTT 1445 A c,1.147,1.54,2022,3340.0,508.0,0.02661,3.1239035
LTT 3780 b,1.35,2.34,2020,3360.0,1000.0,0.01203,0.768377
LTT 3780 b,1.332,2.62,2020,3331.0,892.0,0.01211,0.768448
LTT 3780 b,1.325,2.46,2020,3358.0,903.0,0.01195,0.76837931
LTT 3780 c,2.3,8.6,2020,3331.0,353.0,0.07673,12.2519
LTT 3780 c,2.42,6.29,2020,3360.0,397.0,0.0762,12.252131
LTT 3780 c,2.39,8.04,2020,3358.0,359.0,0.0757,12.252284
LTT 9779 b,4.72,29.32,2020,5443.0,1978.0,0.01679,0.792052
MASCARA-1 b,16.8135,1175.971,2017,7554.0,2570.0,0.043,2.14878
MASCARA-4 b,17.14977,985.273,2020,7800.0,2100.0,0.047,2.82406
MASCARA-4 b,16.98160576,532.36258173,2020,7800.0,2250.0,0.0474,2.8240932
NGTS-1 b,14.90797,258.07796,2017,3916.0,790.0,0.0326,2.647298
NGTS-10 b,13.506845,687.14846,2020,4600.0,1332.0,0.0143,0.7668944
NGTS-11 b,9.157753,109.33352,2020,5050.0,435.0,0.201,35.45533
NGTS-12 b,11.747032,66.10864,2020,5690.0,1257.0,0.0757,7.532806
NGTS-13 b,12.800678,1538.2972,2021,5819.0,1605.0,0.0549,4.119027
NGTS-14 A b,4.976796,29.24036,2021,5187.0,1143.0,0.0403,3.5357173
NGTS-15 b,12.32987877,238.68913366,2021,5600.0,1146.0,0.0441,3.27623
NGTS-16 b,14.57167491,211.99154747,2021,5550.0,1177.0,0.0523,4.84532
NGTS-17 b,13.89913607,242.82090295,2021,5650.0,1457.0,0.0391,3.24253
NGTS-18 b,13.56286665,129.99181846,2021,5610.0,1381.0,0.0448,3.05125
NGTS-2 b,17.878355,235.1942,2018,6478.0,1468.0,0.063,4.511164
NGTS-20 b,11.99360935,947.12865286,2022,5980.0,688.0,0.313,54.18915
NGTS-21 b,14.90794433,750.07504052,2022,4660.0,1357.0,0.0236,1.5433897
NGTS-23 b,14.20177855,194.82881349,2022,6057.0,1327.0,0.0504,4.0764326
NGTS-24 b,13.60770257,165.27077164,2022,5820.0,1499.0,0.0479,3.4678796
NGTS-25 b,11.46678726,203.09235207,2022,5321.0,1101.0,0.0388,2.823093
NGTS-26 b,14.88552637,92.80589484,2024,5550.0,1331.0,0.049,4.5199279
NGTS-27 b,15.64773706,188.47224535,2024,5700.0,1783.0,0.0446,3.3704181
NGTS-30 b,10.40193409,305.11527072,2024,5455.0,500.0,0.408,98.29838
NGTS-33 b,18.38272835,1153.71711741,2024,7437.0,1991.0,0.048,2.827972
NGTS-4 b,3.18,20.6,2019,5143.0,1650.0,0.019,1.3373508
NGTS-5 b,12.733424,72.78307,2019,4987.0,952.0,0.0382,3.3569866
NGTS-6 b,14.863134,425.57437,2019,4730.0,1283.9,0.01677,0.882059
NGTS-8 b,12.21781,295.5819,2019,5241.0,1345.0,0.035,2.4997
NGTS-9 b,11.99363,921.707,2019,6330.0,1448.0,0.058,4.43527
OGLE-TR-10 b,19.27948,216.1244,2004,6075.0,1702.0,0.04516,3.101278
OGLE-TR-111 b,11.332299,174.8065,2004,5044.0,1019.0,0.04676,4.0144477
OGLE-TR-111 b,12.072093,171.6282,2004,5044.0,1034.0,0.04651,4.0144479
OGLE-TR-113 b,12.195392,390.9309,2004,4790.0,1342.0,0.02265,1.43247425
OGLE-TR-113 b,12.453199,394.1092,2004,4804.0,1355.0,0.02278,1.4324757
OGLE-TR-132 b,13.45,375.02,2004,6210.0,2013.0,0.03035,1.689868
OGLE-TR-132 b,13.775861,371.8611,2004,6210.0,1991.0,0.03026,1.68986531
OGLE-TR-132 b,14.01125,371.8611,2004,6210.0,2017.0,0.03029,1.689868
OGLE-TR-182 b,16.47723,336.8998,2007,5924.0,1550.0,0.05205,3.9791
OGLE-TR-211 b,14.145758,238.3725,2007,6325.0,1686.0,0.05105,3.67724
OGLE-TR-56 b,15.278,441.77,2002,6050.0,2212.0,0.02383,1.2119189
OGLE-TR-56 b,13.4508,413.179,2002,6119.0,2140.0,0.02386,1.211909
OGLE-TR-56 b,19.436406,448.1403,2002,6119.0,2482.0,0.02453,1.21191096
OGLE2-TR-L9 b,18.304297,1398.452,2008,6933.0,2034.0,0.04047,2.48553417
OGLE2-TR-L9 b,18.091326,1379.3822,2008,6933.0,2039.0,0.0404,2.485533
PDS 70 b,14.5717,2542.64,2018,3972.0,1200.0,22.0,43500.0
PH1 b,6.18,169.0,2012,6407.0,481.0,0.652,138.317
PH2 b,9.33708092,87.08498352,2013,5734.0,295.1,0.833,282.52542
Qatar-1 b,12.800678,410.95419,2010,4910.0,1388.0,0.02313,1.42002586
Qatar-1 b,13.22662,422.7139,2010,4910.0,1389.0,0.02343,1.42002504
Qatar-1 b,12.811887,411.27202,2010,5013.0,1418.0,0.02332,1.4200242
Qatar-10 b,17.295487,233.92288,2019,6124.0,1955.0,0.0286,1.645321
Qatar-2 b,14.056,792.635,2011,4645.0,1344.0,0.02153,1.33711647
Qatar-2 b,12.823,790.41,2011,4645.0,1292.0,0.02149,1.3371182
Qatar-3 b,12.285064,1369.8473,2017,6007.0,1681.0,0.03783,2.5079204
Qatar-4 b,12.722215,1938.763,2017,5215.0,1385.0,0.02803,1.8053564
Qatar-5 b,12.408363,1373.0256,2017,5747.0,1415.0,0.04127,2.8792319
Qatar-6 b,11.903958,212.31044,2017,5052.0,1006.0,0.0423,3.506195
Qatar-7 b,19.0553,597.5204,2019,6387.0,2053.0,0.0352,2.032046
Qatar-8 b,14.403565,117.91493,2019,5738.0,1457.0,0.0474,3.71495
Qatar-9 b,11.309881,378.2177,2019,4309.0,1134.0,0.0234,1.540731
TIC 139270665 b,7.22979255,147.15455244,2024,5844.0,703.0,0.163,23.624
TIC 237913194 b,12.520453,617.22586,2020,5788.0,974.0,0.1207,15.168865
TIC 393818343 b,12.18416202,1379.37528638,2024,5756.0,805.5,0.1291,16.24921
TIC 46432937 b,13.31626907,1017.0509024,2024,3572.0,872.0,0.02065,1.44044527
TIC 4672985 b,11.5004142,4049.13390518,2024,5757.0,517.2,0.33,69.048
TOI-1052 b,2.87,16.9,2023,6146.0,1135.0,0.09103,9.139703
TOI-1062 b,2.265,10.15,2021,5328.0,1077.0,0.052,4.11296
TOI-1064 b,2.587,13.5,2022,4734.0,784.0,0.06152,6.443868
TOI-1064 c,2.651,2.5,2022,4734.0,634.0,0.09429,12.226574
TOI-1075 b,1.791,9.95,2022,3875.0,1323.0,0.01159,0.6047328
TOI-1107 b,14.57167491,1064.72516345,2022,6311.0,1728.0,0.0561,4.0782387
TOI-1130 b,3.66,19.8,2020,4360.0,825.0,0.0453,4.074554
TOI-1130 b,3.56,19.28,2020,4350.0,632.17,0.04457,4.07445
TOI-1130 c,13.0,336.0,2020,4360.0,650.0,0.0731,8.3501898
TOI-1130 c,16.8135,309.56642,2020,4250.0,637.0,0.07098,8.350381
TOI-1130 c,13.32,325.69,2020,4350.0,497.7,0.07191,8.350231
TOI-1135 b,9.02,51.42,2024,6122.0,1198.9,0.082,8.02773
TOI-1136 b,1.9,31.0,2022,5805.0,1216.0,0.0514,4.17278
TOI-1136 c,2.76948277,7.6,2022,5805.0,965.39,0.067,6.2569
TOI-1136 d,4.62115423,12.3,2022,5805.0,766.21,0.107,12.51861
TOI-1136 e,2.5456702,24.0,2022,5805.0,669.11,0.14,18.80693
TOI-1136 f,3.73591482,32.0,2022,5805.0,598.11,0.175,26.317822
TOI-1136 g,2.53,12.2,2022,5805.0,574.0,0.23,39.5387
TOI-1173 b,9.01941098,28.3,2024,5415.0,868.95,0.071,7.06456
TOI-1173 b,9.19,27.4,2024,5350.0,868.0,0.0696,7.06466
TOI-1174 b,2.5064654,32.0,2024,5158.0,713.83,0.08,8.953458
TOI-1180 b,3.03617429,10.0,2024,4804.0,638.18,0.082,9.686753
TOI-1181 b,16.1966394,377.0,2022,6046.0,1942.12,0.0364,2.10319365
TOI-1184 b,2.40974309,6.8,2024,4617.0,715.47,0.056,5.748432
TOI-1194 b,8.71664516,120.0,2023,5394.0,1264.29,0.034,2.3106446
TOI-1194 b,8.5972882,144.92975359,2023,5446.0,1391.0,0.03428,2.310644
TOI-1199 b,10.5140239,75.96098927,2024,5710.0,1486.0,0.04988,3.671463
TOI-1201 b,2.415,6.28,2021,3476.0,703.0,0.0287,2.4919863
TOI-1221 b,2.91,1112.3994245,2023,5592.0,440.0,0.387,91.68278
TOI-1231 b,3.65,15.4,2021,3553.0,329.6,0.1288,24.245586
TOI-1235 b,1.694,5.9,2020,3997.0,775.0,0.03826,3.444717
TOI-1235 b,1.738,6.91,2020,3872.0,754.0,0.03845,3.444729
TOI-1244 b,2.37611439,6.6,2024,4722.0,714.86,0.061,6.4003
TOI-1246 b,3.01,8.1,2022,5151.0,955.0,0.049,4.30744
TOI-1246 c,2.51,8.8,2022,5151.0,860.0,0.061,5.904144
TOI-1246 c,2.45109846,9.1,2022,5213.0,862.49,0.061,5.904137
TOI-1246 d,3.51,5.3,2022,5151.0,586.0,0.131,18.6559
TOI-1246 d,3.43139739,5.4,2022,5213.0,587.77,0.132,18.654874
TOI-1246 e,3.78,14.8,2022,5151.0,462.0,0.211,37.9216
TOI-1246 e,3.5141875,14.5,2022,5213.0,463.98,0.212,37.92548
TOI-1248 b,6.8084859,27.4,2024,5205.0,952.09,0.051,4.3601561
TOI-1249 b,3.2710301,11.9,2024,5497.0,726.89,0.109,13.079151
TOI-125 b,2.726,9.5,2019,5320.0,1037.0,0.05186,4.65382
TOI-125 c,2.759,6.63,2019,5320.0,827.8,0.0814,9.15059
TOI-125 d,2.93,13.6,2020,5320.0,638.1,0.137,19.98
TOI-1259 A b,11.45557828,140.16232749,2021,4775.0,963.0,0.0407,3.477978
TOI-1260 b,2.34,8.6,2021,4227.0,860.0,0.0366,3.12748
TOI-1260 b,2.41,8.56,2021,4227.0,871.0,0.0367,3.127463
TOI-1260 c,2.76,13.2,2021,4227.0,651.0,0.0657,7.493134
TOI-1260 c,2.82,11.8,2021,4227.0,643.0,0.0656,7.49325
TOI-1260 d,3.12,11.84,2022,4227.0,499.0,0.1116,16.608164
TOI-1266 b,2.52,4.46,2020,3563.0,415.0,0.073,10.8945
TOI-1266 b,2.62,4.23,2020,3618.0,425.0,0.0728,10.894841
TOI-1266 b,2.458,15.9,2020,3573.0,410.0,0.0745,10.894879
TOI-1266 b,2.37,13.5,2020,3600.0,413.0,0.0736,10.894843
TOI-1266 c,1.673,6.4,2020,3573.0,347.1,0.1037,18.80152
TOI-1266 c,1.56,2.2,2020,3600.0,344.0,0.1058,18.80151
TOI-1266 c,2.13,2.88,2020,3618.0,354.0,0.1047,18.801611
TOI-1266 c,1.98,3.17,2020,3563.0,346.0,0.105,18.8027
TOI-1268 b,9.1,96.4,2022,5300.0,918.9,0.0711,8.1577094
TOI-1269 b,2.40144286,6.4,2024,5499.0,1004.9,0.0496,4.2529913
TOI-1272 b,4.14,24.6,2022,4985.0,961.0,0.0412,3.31599
TOI-1272 b,4.13204907,27.0,2022,5065.0,975.0,0.0417,3.31599
TOI-1273 b,11.09689089,70.55790635,2024,5690.0,1211.0,0.0549,4.631296
TOI-1279 b,2.66146528,10.6,2024,5457.0,759.0,0.085,9.61419
TOI-1288 b,4.96846551,44.1,2022,5388.0,1203.44,0.0374,2.6998279
TOI-1294 b,10.12369881,63.9,2024,5718.0,1392.74,0.051,3.915292
TOI-1295 b,15.69257298,451.31633794,2024,6280.0,2360.0,0.047,3.1968838
TOI-1296 b,14.11645916,95.3,2021,5567.0,1414.84,0.051,3.9443736
TOI-1296 b,13.79825524,94.71286529,2021,5603.0,1562.0,0.0497,3.9443715
TOI-1298 b,9.42675277,113.14691289,2021,5889.0,1388.0,0.059,4.537164
TOI-1298 b,9.65807033,99.0,2021,5752.0,1278.0,0.057,4.537143
TOI-132 b,3.42,22.4,2020,5397.0,1395.0,0.026,2.1097019
TOI-1333 b,15.647764,753.2571,2021,6274.0,1679.0,0.0626,4.720219
TOI-1347 b,1.81434694,12.2,2024,5493.0,1698.5,0.0171,0.84742431
TOI-1347 c,1.67761121,9.0,2024,5493.0,950.08,0.0546,4.841968
TOI-1386 b,6.2163865,45.8,2024,5735.0,615.03,0.173,25.8401
TOI-1386 b,6.05284958,47.03860424,2024,5793.0,676.4,0.1732,25.83839
TOI-1410.01,3.10083009,12.5,2024,4635.0,1236.7,0.0207,1.21687
TOI-1411 b,1.19880592,2.0,2022,4115.0,976.4,0.02122,1.4520527
TOI-1416 b,1.62,3.48,2023,4884.0,1517.0,0.019,1.0697568
TOI-1420 b,11.89,25.1,2023,5510.0,957.0,0.071,6.9561063
TOI-1422 b,3.93681551,12.1,2022,5811.0,789.51,0.108,12.9967
TOI-1422 b,3.96,9.0,2022,5840.0,867.0,0.108,12.9972
TOI-1431 b,16.70138124,991.62462984,2021,7690.0,2370.0,0.046,2.650237
TOI-1437 b,2.43471042,10.4,2024,5986.0,794.23,0.139,18.84078
TOI-1439 b,4.2427861,38.5,2024,5841.0,748.4,0.192,27.644
TOI-1443 b,2.30381001,30.0,2024,5224.0,520.66,0.147,23.540678
TOI-1444 b,1.41792246,3.58,2021,5460.0,2130.02,0.0116,0.4702743
TOI-1448 b,2.749,19.5,2024,3412.0,426.0,0.0567,8.112245
TOI-1451 b,2.61143902,15.2,2024,5801.0,723.33,0.127,16.537944
TOI-1452 b,1.672,4.82,2022,3185.0,326.0,0.061,11.06201
TOI-1467 b,1.6759955,9.0,2024,3776.0,506.07,0.0495,5.97199
TOI-1468 b,1.401,3.04,2022,3376.0,683.5,0.02107,1.8805201
TOI-1468 c,2.126,4.1,2022,3376.0,338.1,0.08608,15.532477
TOI-1470 b,2.18,7.32,2023,3709.0,734.0,0.0285,2.527093
TOI-1470 c,2.47,7.24,2023,3709.0,373.0,0.106,18.08816
TOI-1472 b,4.15964583,16.5,2024,5133.0,811.14,0.065,6.36381
TOI-1478 b,11.88154,270.47333,2021,5597.0,918.0,0.0903,10.180249
TOI-150.01,14.067295,797.7533,2019,6255.0,1404.5,0.07037,5.857487
TOI-150.01,15.46842,556.2025,2019,6003.0,1493.0,0.0583,5.857342
TOI-1518 b,21.01683881,731.0053361,2021,7300.0,2492.0,0.0389,1.902603
TOI-157 b,14.414774,375.0394,2020,5404.0,1588.0,0.03138,2.0845435
TOI-1601 b,14.19902343,387.0,2021,5982.0,1493.97,0.069,5.33175
TOI-1601 b,13.887951,314.6517,2021,5948.0,1619.0,0.06864,5.331751
TOI-163 b,16.690201,387.7526,2019,6495.0,1669.0,0.058,4.231306
TOI-1634 b,1.79,4.91,2021,3550.0,924.0,0.01545,0.989343
TOI-1634 b,1.749,10.14,2021,3472.0,920.0,0.0149,0.9893436
TOI-1669 c,2.2963977,13.0,2024,5497.0,1285.16,0.0376,2.6800535
TOI-1670 b,2.06,41.31769291,2022,6170.0,1062.0,0.103,10.98462
TOI-1670 c,11.06326395,200.23189641,2022,6170.0,684.0,0.249,40.74976
TOI-1685 b,1.459,3.43,2021,3461.0,1052.0,0.011557,0.6691416
TOI-1685 b,1.468,3.03,2021,3575.0,1062.0,0.01138,0.66913924
TOI-169 b,12.172974,251.40353,2020,5880.0,1715.0,0.03524,2.2554477
TOI-1691 b,3.56505068,14.6,2024,5642.0,703.49,0.126,16.7369
TOI-1694 b,5.3422266,31.3,2023,5058.0,943.19,0.045,3.770107
TOI-1695 b,1.9,6.36,2022,3690.0,698.0,0.033548,3.1342791
TOI-1696 b,3.24,56.6,2022,3168.0,533.0,0.0235,2.50031
TOI-1696 b,3.09,48.8,2022,3185.0,489.0,0.0229,2.500311
TOI-1710 b,5.20315158,22.4,2022,5684.0,602.99,0.166,24.283377
TOI-1710 b,5.15,18.4,2022,5730.0,730.0,0.164,24.283382
TOI-172 b,10.816685,1722.6386,2019,5645.0,1198.0,0.0914,9.47725
TOI-1723 b,3.29206019,10.4,2024,5743.0,782.98,0.114,13.72641
TOI-1728 b,5.05,26.78,2020,3980.0,767.0,0.0391,3.49151
TOI-1736 b,3.18175535,12.3,2023,5636.0,1099.79,0.073,7.073076
TOI-1736 b,3.05,11.9,2023,5670.0,1186.0,0.074,7.073091
TOI-1736 b,2.44,12.8,2023,5807.0,1076.0,0.074,7.073088
TOI-1742 b,2.36507598,9.7,2024,5815.0,694.09,0.154,21.269084
TOI-1749 b,1.39,57.0,2021,3985.0,831.0,0.0291,2.38839
TOI-1749 c,2.12,14.0,2021,3985.0,673.0,0.0443,4.4929
TOI-1749 d,2.52,15.0,2021,3985.0,533.0,0.0707,9.0497
TOI-1751 b,2.9507845,19.5,2024,5970.0,651.64,0.215,37.46852
TOI-1753 b,2.47852533,16.6,2024,5621.0,1005.43,0.059,5.3846104
TOI-1758 b,3.5573684,6.9,2024,5151.0,551.44,0.138,20.705127
TOI-1759 b,3.06,6.8,2022,3972.0,433.0,0.1176,18.849975
TOI-1759 b,3.12029598,15.0,2022,3930.0,387.96,0.115,18.85018
TOI-1759 b,3.14,10.8,2022,4065.0,443.0,0.1177,18.85019
TOI-1775 b,8.04728896,96.0,2024,5284.0,707.89,0.08,10.2405549
TOI-1776 b,1.21612741,1.4,2024,5785.0,1269.21,0.0378,2.799868
TOI-178 b,1.152,1.5,2021,4316.0,1040.0,0.02607,1.914558
TOI-178 c,1.669,4.77,2021,4316.0,873.0,0.037,3.23845
TOI-178 d,2.572,3.01,2021,4316.0,690.0,0.0592,6.5577
TOI-178 e,2.207,3.86,2021,4316.0,600.0,0.0783,9.961881
TOI-178 f,2.287,7.72,2021,4316.0,521.0,0.1039,15.231915
TOI-178 g,2.87,3.94,2021,4316.0,470.0,0.1275,20.7095
TOI-1789 b,16.14093221,222.4798849,2021,5991.0,1927.0,0.04882,3.208664
TOI-1794 b,3.29701268,8.7,2024,5631.0,992.91,0.082,8.765528
TOI-1798.01,2.38506569,6.5,2024,5106.0,734.31,0.074,8.02154
TOI-1798.02,1.39939037,5.6,2024,5106.0,1935.83,0.0107,0.4378146
TOI-1799 b,1.42238884,4.0,2024,5698.0,922.72,0.071,7.085738
TOI-1801 b,1.96061882,16.0,2023,3748.0,431.03,0.075,10.643985
TOI-1803 b,2.99,10.32,2025,4687.0,747.0,0.06,6.293287
TOI-1803 c,4.29,8.0,2025,4687.0,588.0,0.097,12.885779
TOI-1807 b,1.49681583,2.44,2021,4914.0,1694.1,0.0122,0.54937097
TOI-181 b,6.9559,46.1687,2023,4994.0,895.1,0.0539,4.532
TOI-1811 b,11.14172682,308.9292116,2023,4766.0,962.2,0.04389,3.7130765
TOI-1820 b,12.778238,731.0053361,2022,5734.0,1375.0,0.061,4.860674
TOI-1823 b,7.5406241,67.4,2024,4927.0,423.63,0.212,38.8
TOI-1824 b,2.7438269,16.0,2024,5165.0,528.67,0.151,22.808533
TOI-1836 b,8.00321222,38.45723725,2024,6380.0,966.0,0.1597,20.380799
TOI-1836 b,8.28055741,24.7,2024,6237.0,889.51,0.157,20.380845
TOI-1836 c,2.59987579,8.0,2024,6237.0,2007.6,0.03089,1.7727471
TOI-1842 b,12.3485023,89.4,2021,6039.0,1199.55,0.1,9.5739181
TOI-1853 b,3.46,73.2,2023,4985.0,1479.0,0.0213,1.2436258
TOI-1855 b,18.49481816,360.09958513,2024,5359.0,1701.0,0.02398,1.36414864
TOI-1898 b,9.39553231,129.0,2024,6241.0,674.54,0.269,45.52234
TOI-1899 b,12.89035,209.7678,2020,3841.0,362.0,0.1587,29.02
TOI-1899 b,11.09689089,212.94503269,2020,3926.0,378.0,0.1525,29.090312
TOI-1937 A b,13.97759893,638.83509807,2023,5814.0,2097.0,0.01932,0.94667944
TOI-1994 b,13.67495645,7024.0077947,2024,7700.0,2290.0,0.0613,4.0337142
TOI-2000 b,2.7,11.0,2023,5611.0,1488.0,0.04271,3.09833
TOI-2000 c,8.14,81.7,2023,5611.0,1038.0,0.0878,9.127055
TOI-201 b,11.298672,133.4886,2021,6394.0,759.0,0.3,52.97818
TOI-2010 b,11.81426566,408.7273314,2023,5929.0,400.2,0.5516,141.834025
TOI-2015 b,3.39,16.4,2023,3194.0,512.0,0.0301,3.348968
TOI-2015 b,3.309,9.2,2023,3297.0,530.9,0.029322,3.348237
TOI-2019 b,5.33275337,34.4,2024,5626.0,917.46,0.128,15.3444
TOI-2025 b,11.89272852,1144.1822652,2022,5977.0,1166.0,0.0892,8.8720982
TOI-2025 b,12.52043144,1398.4449908,2022,5880.0,1167.0,0.092,8.872078
TOI-2076 b,2.77062554,16.1,2021,5192.0,687.68,0.088,10.355096
TOI-2076 c,3.69441587,55.0,2021,5192.0,543.16,0.142,21.015327
TOI-2076 d,3.43087751,29.0,2021,5192.0,457.68,0.199,35.125686
TOI-2088 b,3.6831179,37.0,2024,5081.0,300.33,0.472,124.72997
TOI-2095 b,1.25,4.1,2023,3759.0,347.0,0.101,17.66484
TOI-2095 c,1.33,7.4,2023,3759.0,297.0,0.137,28.17232
TOI-2107 b,13.57407563,263.79757781,2024,5627.0,1397.0,0.03515,2.4545467
TOI-2109 b,15.098497,1595.49860314,2021,6540.0,3646.0,0.01791,0.67247414
TOI-2120 b,2.122,6.8,2024,3131.0,384.0,0.0377,5.7998164
TOI-2128 b,2.08874836,4.5,2024,5968.0,780.53,0.127,16.34136
TOI-2134 b,2.69,9.13,2023,4580.0,666.0,0.078,9.2292005
TOI-2134 c,7.27,41.89,2023,4580.0,306.0,0.371,95.5
TOI-2136 b,2.2,4.7,2022,3373.0,378.0,0.0533,7.851925
TOI-2136 b,2.19,6.37,2022,3342.0,395.0,0.057,7.851928
TOI-2136 b,2.09,15.0,2022,3366.0,403.0,0.054,7.85191
TOI-2141 b,3.05,24.0,2023,5659.0,722.0,0.133,18.26157
TOI-2145 b,12.41899699,1767.0,2023,6200.0,1363.43,0.111,10.261127
TOI-2145 b,11.98240037,1671.77742082,2023,6177.0,1484.0,0.1108,10.26075
TOI-2152 A b,14.35870428,899.45439181,2023,6630.0,1802.0,0.05064,3.3773512
TOI-2154 b,16.28664896,292.40213444,2023,6280.0,1580.0,0.0513,3.8240801
TOI-2158 b,10.76062147,260.61929374,2022,5673.0,1188.0,0.075,8.60077
TOI-216.01,11.29,200.0,2019,5026.0,497.0,0.2069,34.556
TOI-216.02,7.69,30.0,2019,5026.0,628.0,0.1293,17.089
TOI-2180 b,11.32107051,875.61726129,2022,5695.0,348.0,0.828,260.79
TOI-2193 A b,19.83989584,298.75870258,2022,5966.0,1763.0,0.03319,2.1225735
TOI-2196 b,3.51,26.0,2022,5634.0,1860.0,0.02234,1.1947268
TOI-220 b,3.03,13.8,2021,5298.0,805.0,0.08911,10.695264
TOI-2207 b,11.1529358,203.41018048,2022,6101.0,1259.0,0.0854,8.001968
TOI-2236 b,14.36991326,502.16888306,2022,6248.0,1688.0,0.05009,3.5315902
TOI-2285 b,1.74,19.5,2021,3491.0,284.0,0.1363,27.26955
TOI-2295 b,16.47720163,278.09985612,2024,5730.0,747.0,0.1992,30.033302
TOI-2328 b,9.97599282,50.85254512,2025,5525.0,842.0,0.127,17.10197
TOI-2338 b,11.2089807,1900.61387386,2023,5581.0,799.0,0.158,22.65398
TOI-2364 b,8.60849718,71.51139158,2023,5306.0,1091.0,0.04871,4.0197517
TOI-2368 b,10.83908434,206.58846455,2024,5360.0,1000.0,0.05649,5.1750073
TOI-2373 b,10.42435205,2955.8041851,2023,5651.0,860.0,0.112,13.33668
TOI-2374 b,6.81,56.64,2024,4802.0,885.0,0.0471,4.31361
TOI-2379 b,11.72459381,1830.69162432,2024,3707.0,624.0,0.05263,5.4693827
TOI-238 b,1.402,3.4,2024,5059.0,1311.0,0.02118,1.2730991
TOI-238 c,2.18,6.7,2024,5059.0,696.0,0.0749,8.465651
TOI-2384 b,11.48920522,624.85064816,2024,3943.0,889.7,0.02793,2.13570304
TOI-2406 b,2.86,15.6,2021,3100.0,449.0,0.02267,3.0766891
TOI-2416 b,9.86390302,953.485221,2023,5808.0,1080.0,0.0831,8.275479
TOI-2421 b,10.36830715,105.83685953,2022,5607.0,1534.0,0.0543,4.3474032
TOI-244 b,1.52,2.68,2023,3433.0,458.0,0.0559,7.397225
TOI-2443 b,2.363,4.8,2023,4375.0,519.0,0.105,15.66858
TOI-2447 b,9.60609646,124.90656395,2024,5730.0,414.0,0.347,69.33684
TOI-2458 b,2.83,13.31,2024,6005.0,1509.4,0.0482,3.73659
TOI-2497 b,11.14172682,1531.93292174,2023,7360.0,1595.0,0.1166,10.655669
TOI-2498 b,6.06,34.62,2023,5905.0,1443.0,0.0491,3.738252
TOI-2524 b,11.2089807,203.41018048,2023,5831.0,1100.0,0.073,7.18585
TOI-2529 b,11.54525012,743.71847238,2024,5802.0,636.0,0.327,64.5949
TOI-2537 b,11.25381662,415.40172795,2024,4870.0,338.0,0.3715,94.1022
TOI-2567 b,10.92875618,63.88350981,2022,5611.0,1352.0,0.0672,5.983944
TOI-257 b,7.16253867,43.86032017,2021,6095.0,1027.0,0.1528,18.38818
TOI-2570 b,13.64132951,260.61929374,2022,5771.0,1431.0,0.04145,2.9887615
TOI-2580 b,17.37392009,200.23189641,2024,6120.0,2410.0,0.048,3.39775
TOI-2583 A b,14.4595851,79.45710175,2023,5936.0,1456.0,0.0571,4.5207265
TOI-2587 A b,12.07207221,69.28659273,2023,5760.0,1445.0,0.0635,5.45664
TOI-2589 b,12.10569916,1112.3994245,2023,5579.0,592.0,0.3,61.6277
TOI-260 b,1.71,4.23,2024,4026.0,493.0,0.0943,13.475853
TOI-260 b,1.47291596,3.3,2024,4050.0,438.59,0.091,13.475815
TOI-2641 b,18.10250383,122.6817651,2023,6100.0,1387.0,0.0607,4.880974
TOI-269 b,2.77,8.8,2021,3514.0,531.0,0.0345,3.6977104
TOI-270 b,1.206,1.58,2019,3506.0,581.0,0.03197,3.3601538
TOI-270 c,2.355,6.15,2019,3506.0,488.0,0.04526,5.6605731
TOI-270 d,2.133,4.78,2019,3506.0,387.0,0.0721,11.379573
TOI-2714 b,13.72,228.0,2024,5665.0,1603.0,0.036,2.499387
TOI-2796 b,17.26183028,139.84449908,2023,5764.0,1205.0,0.0569,4.8084983
TOI-2803 A b,18.11371281,309.88269682,2023,6280.0,1893.0,0.03185,1.96229325
TOI-2818 b,15.27784069,225.65816897,2023,5721.0,1376.0,0.0493,4.039709
TOI-2842 b,12.84549188,117.59651059,2023,5910.0,1471.0,0.0475,3.5514058
TOI-286 b,1.42,4.53,2024,5152.0,979.0,0.0503,4.5117244
TOI-286 c,1.88,3.72,2024,5152.0,475.0,0.213,39.361826
TOI-2969 b,12.32987877,368.68095212,2025,4738.0,1186.0,0.0261,1.8237146
TOI-2977 b,13.15934334,533.95172376,2023,5691.0,1544.0,0.03386,2.3505614
TOI-2981 b,13.4,638.0,2024,5940.0,1358.0,0.048,3.601501
TOI-2989 b,12.55405838,953.485221,2025,4672.0,1001.0,0.0384,3.122832
TOI-3023 b,16.43236571,197.05361234,2023,5760.0,1596.0,0.0505,3.9014971
TOI-3071 b,7.16,68.2,2024,6177.0,2155.0,0.0249,1.266938
TOI-3235 b,11.39953337,211.35589065,2023,3388.8,604.0,0.02709,2.59261842
TOI-3261 b,3.82,30.3,2024,5068.0,1722.0,0.01714,0.8831331
TOI-329 b,4.94057819,40.4,2024,5614.0,1213.02,0.0638,5.70439
TOI-332 b,3.2,57.2,2023,5251.0,1871.0,0.0159,0.777038
TOI-3321 b,15.55806521,176.07693748,2024,5850.0,1616.0,0.047,3.6525145
TOI-3331 A b,12.97999965,721.47048389,2022,5609.0,1488.0,0.03144,2.0180231
TOI-3364 b,12.22899794,530.77343969,2023,5706.0,1264.0,0.0675,5.8768918
TOI-3540 A b,23.53885947,375.03752026,2022,5810.0,1498.0,0.04289,3.119999
TOI-3568 b,5.3,26.4,2024,4969.0,899.0,0.0485,4.417965
TOI-3629 b,8.29464572,82.63538582,2022,3870.0,690.0,0.043,3.936551
TOI-3629 b,8.29464572,77.2323029,2022,3865.0,711.0,0.04194,3.9365578
TOI-3688 A b,13.08088048,311.47183886,2023,5950.0,1534.0,0.0456,3.246075
TOI-3693 b,12.59889431,324.18497514,2022,5321.0,801.0,0.0813,9.088516
TOI-3714 b,11.32107051,222.4798849,2022,3660.0,750.0,0.027,2.154849
TOI-3714 b,11.14172682,218.98377242,2022,3652.0,764.0,0.0263,2.15484802
TOI-3757 b,12.0,85.3,2022,3913.0,759.0,0.03845,3.438753
TOI-3785 b,5.14,14.95,2023,3576.0,582.0,0.043,4.6747373
TOI-3807 b,18.49481816,330.54154328,2023,5772.0,1646.0,0.0421,2.8989727
TOI-3819 b,13.13692538,352.78953177,2023,5859.0,1633.0,0.04611,3.2443141
TOI-3837 b,10.87271128,187.51876013,2025,5905.0,1178.0,0.099,11.88865
TOI-3884 b,6.43,32.59,2022,3180.0,441.0,0.0361,4.5445828
TOI-3884 b,6.0,16.5,2022,3269.0,463.0,0.0354,4.5445697
TOI-3894 b,15.15454191,279.68899816,2024,6000.0,1504.0,0.05539,4.3345401
TOI-3894 b,15.22179579,270.15414595,2024,6000.0,1519.0,0.0543,4.3345401
TOI-3894 b,15.27784069,260.61929374,2024,6000.0,1531.0,0.05354,4.33454
TOI-3912 b,14.28024141,129.03833324,2023,5725.0,1512.0,0.0463,3.4936264
TOI-3919 b,12.31866979,1233.17421916,2024,6100.0,1198.0,0.0795,7.433234
TOI-3976 A b,12.27383387,55.61997123,2023,5975.0,1295.0,0.0743,6.607662
TOI-3984 A b,7.9,44.0,2023,3476.0,563.0,0.041,4.353326
TOI-4010 b,3.02,11.0,2023,4960.0,1441.0,0.0229,1.348335
TOI-4010 c,5.93,20.31,2023,4960.0,907.0,0.058,5.414654
TOI-4010 d,6.18,38.15,2023,4960.0,650.0,0.113,14.70886
TOI-406 c,1.32,2.08,2024,3392.0,584.0,0.0322,3.307441
TOI-406.01,2.08,6.57,2024,3392.0,368.0,0.0809,13.175682
TOI-4087 b,13.04725353,232.01473711,2023,6060.0,1458.0,0.04469,3.1774835
TOI-411 b,1.362,13.71,2022,6169.0,1241.0,0.05727,4.040295
TOI-411 c,2.328,9.72,2022,6169.0,931.0,0.1017,9.573083
TOI-4127 b,12.28504285,731.0053361,2023,6096.0,605.1,0.3081,56.39879
TOI-4137 b,13.57407563,457.67290608,2022,6202.0,1570.0,0.05222,3.8016122
TOI-4145 A b,13.30506009,136.66621501,2023,5281.0,1074.0,0.04823,4.0664428
TOI-4153 b,16.11851425,365.50266805,2024,6860.0,1669.0,0.06311,4.6174141
TOI-4201 b,13.67495645,788.21444936,2023,3794.0,725.0,0.04,3.5819194
TOI-4201 b,12.69,825.0,2023,3920.0,739.0,0.03944,3.5819232
TOI-4201 b,12.66614819,816.81900599,2023,3926.0,750.0,0.03924,3.5819134
TOI-421 b,2.64,6.7,2020,5291.0,922.0,0.0554,5.197576
TOI-421 b,2.68,7.17,2020,5325.0,981.4,0.056,5.19672
TOI-421 c,5.09,14.1,2020,5291.0,635.0,0.117,16.067541
TOI-421 c,5.09,16.42,2020,5325.0,673.6,0.1189,16.06819
TOI-431 b,1.28,3.07,2021,4850.0,1862.0,0.0113,0.490047
TOI-431 d,3.29,9.9,2021,4850.0,633.0,0.098,12.46103
TOI-4406 b,11.2089807,95.3485221,2023,6219.0,904.0,0.201,30.08364
TOI-4438 b,2.52,5.4,2024,3422.0,435.0,0.0534,7.44628
TOI-4463 A b,13.26022417,252.35575516,2023,5640.0,1395.0,0.04036,2.8807198
TOI-4515 b,12.17,637.0,2024,5433.0,705.0,0.118,15.266446
TOI-4562 b,12.53,732.0,2023,6096.0,318.0,0.768,225.11781
TOI-4600 b,6.8,959.84178914,2023,5170.0,347.0,0.349,82.6869
TOI-4600 c,9.42,2946.26933289,2023,5170.0,191.0,1.152,482.8191
TOI-4603 b,11.67975789,4096.80816623,2023,6264.0,1677.0,0.0888,7.24599
TOI-4791 b,12.44196858,734.18362017,2023,6058.0,1472.0,0.0555,4.28088
TOI-480 b,2.85372018,20.8,2024,6174.0,1198.94,0.077,6.866196
TOI-481 b,11.09691,486.2799,2020,5735.0,1370.0,0.097,10.33111
TOI-4860 b,8.47398941,212.94503269,2023,3390.0,624.0,0.01845,1.52275959
TOI-4860 b,8.7,86.7,2023,3260.0,694.0,0.01808,1.5227591
TOI-4914 b,12.87,227.0,2024,5805.0,894.0,0.098,10.60057
TOI-4994 b,8.54124329,88.99195396,2024,5640.0,717.6,0.1515,21.491984
TOI-500 b,1.166,1.42,2022,4440.0,1617.0,0.01189,0.548177
TOI-5005 b,6.25,32.7,2024,5749.0,1040.0,0.06614,6.3085044
TOI-5027 b,10.76062147,642.01338214,2025,5909.0,1056.0,0.093,10.24368
TOI-5076 b,3.48935569,16.14568308,2024,4780.0,550.0,0.1481,23.443162
TOI-5108 b,6.6,32.0,2025,5808.0,1180.0,0.073,6.753581
TOI-5110 b,11.98240037,921.7023803,2024,6160.0,976.0,0.2157,30.158577
TOI-5153 b,11.88151954,1036.12060682,2022,6300.0,906.0,0.158,20.33003
TOI-519 b,11.99363,4449.62,2021,3350.0,760.0,0.012,1.2652328
TOI-519 b,11.54525012,147.15455244,2021,3322.0,687.0,0.0159,1.2652328
TOI-519 b,11.87031056,166.85991368,2021,3354.0,754.0,0.01648,1.26523248
TOI-5205 b,11.6,343.0,2023,3430.0,737.0,0.0199,1.630757
TOI-5218 b,9.86,657.0,2024,4230.0,783.0,0.0469,4.291452
TOI-5232 b,12.778238,743.71847238,2024,6500.0,1772.0,0.05593,4.0966692
TOI-5293 A b,11.9,170.4,2023,3586.0,675.0,0.034,2.930289
TOI-530 b,9.30345398,127.1313628,2021,3659.0,565.0,0.052,6.387597
TOI-5300 b,9.86390302,190.6970442,2025,4610.0,1043.0,0.0295,2.262196
TOI-5301 b,13.09208946,1182.32167404,2024,6240.0,1648.0,0.073,5.858858
TOI-5301 b,13.19297028,1160.07368555,2024,6240.0,1655.0,0.0726,5.858858
TOI-5301 b,13.5292397,1080.6165838,2024,6240.0,1682.0,0.06975,5.858857
TOI-532 b,5.82,61.5,2021,3927.0,867.0,0.0296,2.3266508
TOI-5344 b,10.60369574,130.94530368,2023,3747.0,689.0,0.04041,3.792622
TOI-5344 b,9.7,135.0,2023,3770.0,679.0,0.04,3.792622
TOI-5398 b,10.3,58.7,2022,6000.0,947.0,0.098,10.590547
TOI-5398 c,3.52,11.8,2023,6000.0,1242.0,0.057,4.77271
TOI-544 b,2.018,2.89,2022,4169.0,999.0,0.0225,1.548352
TOI-5542 b,11.30986153,419.53349724,2022,5700.0,441.0,0.332,75.12375
TOI-5573 b,9.75,112.0,2025,3790.0,528.0,0.0712,8.79758977
TOI-558 b,12.17295304,1147.36054927,2021,6466.0,1061.0,0.1291,14.574071
TOI-559 b,12.22899794,1910.14872607,2021,5925.0,1180.0,0.0723,6.9839095
TOI-561 b,1.45,3.2,2020,5326.0,2480.0,0.01064,0.446573
TOI-561 b,1.45661206,3.0,2020,5342.0,2134.77,0.0104,0.44656895
TOI-561 b,1.425,2.0,2020,5372.0,2310.0,0.0106,0.4465688
TOI-561 c,2.91,5.39,2020,5372.0,800.0,0.0884,10.778831
TOI-561 c,2.92706747,6.9,2020,5342.0,738.68,0.087,10.778849
TOI-561 c,2.9,7.0,2020,5326.0,860.0,0.0888,10.77892
TOI-561 d,2.72148317,11.0,2020,5342.0,552.84,0.156,25.71255
TOI-561 d,2.82,13.2,2020,5372.0,598.0,0.158,25.7124
TOI-561 e,2.55,12.6,2020,5372.0,415.0,0.328,77.03
TOI-5616 b,10.78,624.0,2024,3996.0,939.0,0.0272,2.002849
TOI-5634 A b,10.42,588.0,2024,3896.0,837.0,0.0272,2.2035373
TOI-564 b,11.43318,464.98529,2020,5640.0,1714.0,0.02734,1.651144
TOI-5678 b,4.91,20.0,2023,5485.0,513.0,0.249,47.73022
TOI-5688 A b,10.3,124.0,2024,3713.0,742.0,0.03379,2.94815527
TOI-5720 b,1.09,4.3,2024,3325.0,708.0,0.018288,1.4344555
TOI-5786 b,8.54,73.0,2025,6235.0,1040.0,0.114,12.779107
TOI-6008 b,1.03,4.0,2024,3075.0,707.0,0.010777,0.8574347
TOI-6016 b,13.67495645,371.85923619,2024,6110.0,1890.0,0.055,4.023687
TOI-6034 b,11.92,254.0,2024,3635.0,714.0,0.02949,2.576184
TOI-6038 A b,6.41,78.5,2025,6110.0,1439.0,0.069,5.8267311
TOI-6130 b,14.3474953,333.71982735,2024,6110.0,1750.0,0.036,2.392679
TOI-615 b,18.97680433,138.25535705,2023,6850.0,1666.0,0.0678,4.6615983
TOI-622 b,9.2362001,96.30200732,2023,6400.0,1388.0,0.0708,6.402513
TOI-628 b,11.88154,2011.8639,2021,6250.0,1586.0,0.0486,3.4095675
TOI-6383 A b,11.29,331.0,2024,3444.0,745.0,0.02292,1.79058695
TOI-640 b,19.851139,279.6904,2021,6460.0,1749.0,0.06608,5.0037775
TOI-6628 b,10.98480109,235.19302118,2025,5463.0,833.0,0.134,18.18424
TOI-663 b,2.27,4.45,2024,3681.0,674.0,0.0295,2.598902
TOI-663 c,2.26,3.65,2024,3681.0,553.0,0.0437,4.6955507
TOI-663 d,1.92,5.2,2024,3681.0,482.0,0.0576,7.1027268
TOI-6651 b,5.09,61.0,2024,5940.0,1493.0,0.0633,5.056973
TOI-669 b,2.58606487,10.0,2023,5597.0,1124.85,0.048,3.945152
TOI-669 b,2.6,9.8,2023,5600.0,1235.0,0.047,3.94515
TOI-6695 b,9.52763359,66.74396547,2025,6400.0,599.0,0.402,80.389
TOI-674 b,5.25,23.6,2021,3514.0,635.0,0.025,1.977143
TOI-677 b,13.11453,392.83788,2020,6295.0,1252.0,0.1038,11.2366
TOI-6894 b,9.5836785,53.39517238,2025,3007.0,417.9,0.02604,3.37077196
TOI-733 b,1.992,5.72,2023,5585.0,1055.8,0.0618,4.884765
TOI-757 b,2.5,10.5,2024,5278.0,641.0,0.122,17.46819
TOI-762 A b,8.33948164,79.77493016,2024,3266.0,555.4,0.03418,3.4716826
TOI-763 b,2.28,9.79,2020,5450.0,1038.0,0.06,5.6057
TOI-763 c,2.63,9.32,2020,5450.0,800.0,0.1011,12.2737
TOI-771 b,1.36,2.47,2024,3370.0,543.0,0.0208,2.3260155
TOI-776 b,1.798,5.0,2020,3725.0,520.0,0.0653,8.24662
TOI-776 b,1.85,4.0,2020,3709.0,514.0,0.0652,8.24661
TOI-776 c,2.02,5.3,2020,3709.0,415.0,0.1,15.6653
TOI-776 c,2.047,6.9,2020,3725.0,420.0,0.1001,15.665323
TOI-778 b,15.4,878.0,2023,6643.0,1561.0,0.06,4.633611
TOI-782 b,2.734,19.1,2024,3370.0,435.0,0.0578,8.0240015
TOI-815 b,2.94,7.6,2024,4869.0,686.0,0.0903,11.197259
TOI-815 c,2.62,23.5,2024,4869.0,469.0,0.193,34.976145
TOI-824 b,2.926,18.467,2020,4600.0,1253.0,0.02177,1.392978
TOI-836 b,1.704,4.53,2023,4552.0,871.0,0.0422,3.81673
TOI-836 c,2.587,9.6,2023,4552.0,665.0,0.075,8.59545
TOI-837 b,9.16894621,120.45696625,2020,5995.0,995.3,0.0888,8.3249113
TOI-837 b,9.71,116.0,2020,6000.0,1022.0,0.083,8.3249102
TOI-858 B b,14.06727078,349.6112477,2023,5842.0,1529.0,0.04435,3.2797178
TOI-892 b,11.99363,301.9385,2020,6261.0,1397.0,0.092,10.62656
TOI-905 b,13.125739,211.99261,2020,5570.0,1192.0,0.04666,3.739494
TOI-908 b,3.186,16.137,2023,5626.0,1317.0,0.041657,3.183792
TOI-954 b,9.550068,55.30242,2020,5710.0,1526.0,0.04963,3.6849729
TOI-969 b,2.765,9.1,2022,4435.0,941.0,0.02636,1.8237305
TRAPPIST-1 b,1.086,0.85,2016,2559.0,400.1,0.01111,1.51087081
TRAPPIST-1 c,1.056,1.38,2016,2559.0,341.9,0.01521,2.4218233
TRAPPIST-1 d,0.772,0.41,2016,2559.0,288.0,0.02144,4.04961
TRAPPIST-1 e,0.918,0.62,2017,2559.0,251.3,0.02817,6.099615
TRAPPIST-1 f,1.045,0.68,2017,2559.0,219.0,0.0371,9.20669
TRAPPIST-1 g,1.127,1.34,2017,2559.0,198.6,0.0451,12.35294
TrES-1 b,12.318691,241.86863,2004,5226.0,1147.0,0.03946,3.0300728
TrES-1 b,11.96,238.998,2004,5230.0,1140.0,0.03925,3.030065
TrES-2 b,13.955205,457.6752,2006,5850.0,1472.0,0.0367,2.4706132
TrES-2 b,13.977623,380.44251,2006,5850.0,1470.0,0.0367,2.47061317
TrES-2 b,13.372337,383.30298,2006,5850.0,1466.0,0.03567,2.47061323
TrES-2 b,14.134549,398.24099,2006,5795.0,1467.0,0.03635,2.4706101
TrES-2 b,13.719816,381.396,2006,5850.0,1498.0,0.03558,2.47063
TrES-3 b,14.627745,607.0553,2007,5650.0,1630.0,0.02283,1.3061864
TrES-3 b,14.68379,603.55917,2007,5650.0,1638.0,0.02276,1.306187
TrES-3 b,14.706208,615.95454,2007,5650.0,1623.0,0.02272,1.30619
TrES-4 b,19.447615,285.09351,2007,6200.0,1805.0,0.0502,3.5539268
TrES-4 b,19.626959,292.4036,2007,6200.0,1785.0,0.05092,3.553945
TrES-4 b,20.28829,278.73691,2007,6200.0,1861.0,0.04965,3.553945
TrES-4 b,20.602142,157.00802,2007,6295.0,1795.0,0.0516,3.55392771
TrES-4 b,19.122554,291.45011,2007,6200.0,1778.0,0.05084,3.5539246
TrES-5 b,13.383546,568.9157,2011,5171.0,1480.0,0.02459,1.48224686
WASP-1 b,16.241841,268.88418,2007,6110.0,1812.0,0.03889,2.51994529
WASP-1 b,16.735037,311.4734,2007,6213.0,1830.0,0.0392,2.5199464
WASP-1 b,16.634156,273.3338,2007,6110.0,1800.0,0.03898,2.519961
WASP-10 b,11.960003,1004.3428,2008,4675.0,972.0,0.0378,3.0927616
WASP-10 b,12.3,1017.0,2008,4700.0,950.0,0.038,3.1
WASP-10 b,12.106,1001.12,2008,4675.0,1370.0,0.03781,3.0927616
WASP-100 b,18.94,645.17,2014,6900.0,2190.0,0.0457,2.849375
WASP-101 b,15.8,158.91,2014,6400.0,1560.0,0.0506,3.585722
WASP-102 b,14.90794433,197.68926915,2025,5990.0,1671.0,0.041,2.709813
WASP-103 b,17.127,473.547,2014,6110.0,2508.0,0.01985,0.925542
WASP-104 b,12.745,404.263,2014,5475.0,1516.0,0.02918,1.7554137
WASP-105 b,10.76064,572.094,2017,5070.0,900.0,0.075,7.87288
WASP-106 b,12.162,611.797,2014,6055.0,1140.0,0.0917,9.289715
WASP-107 b,10.53646,38.1396,2017,4430.0,770.0,0.055,5.72149
WASP-11 b,10.20019,168.4499,2008,4800.0,960.0,0.043,3.722465
WASP-11 b,11.09691,156.37236,2008,4900.0,992.0,0.04375,3.72247967
WASP-113 b,15.793481,150.96925,2016,5890.0,1496.0,0.05885,4.54216874538
WASP-114 b,15.008851,562.24127,2016,5940.0,2043.0,0.02851,1.5487743
WASP-116 b,13.67495645,203.41018048,2025,6250.0,1414.0,0.065,6.6132
WASP-117 b,11.444,87.5585,2014,6038.0,1001.0,0.09459,10.02165
WASP-118 b,16.14096,163.36462,2016,6410.0,1729.0,0.05453,4.0460435
WASP-119 b,15.6926,390.9309,2016,5650.0,1600.0,0.0363,2.49979
WASP-12 b,21.711833,465.62095,2008,6360.0,2592.6,0.0232,1.09142
WASP-12 b,21.2971,467.2101,2008,6360.0,2580.0,0.0234,1.0914203
WASP-12 b,20.456425,454.4969,2008,6250.0,2523.0,0.02309,1.0914222
WASP-12 b,20.84874,638.8383,2008,6300.0,2483.0,0.0235,1.09142119
WASP-120 b,16.510857,1541.4755,2016,6450.0,1880.0,0.0514,3.6112706
WASP-121 b,20.904785,375.99289,2016,6459.0,2358.0,0.02544,1.2749255
WASP-123 b,14.773462,285.72917,2016,5740.0,1520.0,0.04263,2.9776412
WASP-124 b,13.89916,190.698,2016,6050.0,1400.0,0.0449,3.37265
WASP-126 b,10.76064,88.9924,2016,5800.0,1480.0,0.0449,3.2888
WASP-127 b,15.35633,57.2094,2016,5620.0,1400.0,0.052,4.178062
WASP-129 b,10.42437,317.83,2016,5900.0,1100.0,0.0628,5.748145
WASP-13 b,17.127352,162.72896,2009,5826.0,1531.0,0.0557,4.353011
WASP-130 b,9.97601,390.9309,2016,5625.0,833.0,0.1012,11.55098
WASP-131 b,13.67498,85.8141,2016,6030.0,1460.0,0.0607,5.322023
WASP-132 b,10.09929161,136.0305582,2016,4686.0,682.0,0.0674,7.1335164
WASP-132 b,9.75183,130.3103,2016,4775.0,763.0,0.067,7.133521
WASP-132 c,1.841,6.26,2022,4686.0,1329.0,0.01833,1.01153624
WASP-133 b,13.56289,368.6828,2016,5700.0,1790.0,0.0345,2.176423
WASP-136 b,15.46842,479.9233,2016,6260.0,1742.0,0.0661,5.215357
WASP-138 b,12.21781,387.7526,2016,6272.0,1590.0,0.0494,3.634433
WASP-139 b,8.9672,37.18611,2016,5310.0,910.0,0.062,5.924262
WASP-14 b,13.89916,2412.3297,2008,6475.0,1872.0,0.037,2.2437655
WASP-14 b,18.304297,2510.857,2008,6475.0,2090.0,0.0372,2.2437661
WASP-140 b,16.14096,775.5052,2016,5260.0,1320.0,0.0323,2.2359835
WASP-141 b,13.56289,854.9627,2016,5900.0,1540.0,0.0469,3.310651
WASP-142 b,17.14977,266.9772,2016,6010.0,2000.0,0.0347,2.052868
WASP-144 b,9.52765,139.8452,2018,5200.0,1260.0,0.0316,2.2783152
WASP-145 A b,10.0881,282.8687,2018,4900.0,1200.0,0.0261,1.7690381
WASP-147 b,12.498035,87.40325,2018,5702.0,1404.0,0.0549,4.60273
WASP-148 b,8.092898,92.48853,2020,5460.0,940.0,0.0845,8.80381
WASP-149 b,15.24421375,314.96795134,2025,5750.0,1855.0,0.024,1.332813
WASP-15 b,15.782272,188.15536,2009,6405.0,1676.0,0.05165,3.75209748
WASP-150 b,11.99363,2688.8418,2020,6218.0,1460.0,0.0694,5.644207
WASP-151 b,12.66617,98.5273,2017,5871.0,1290.0,0.055,4.533471
WASP-153 b,17.37395,123.9537,2017,5914.0,1700.0,0.048,3.332609
WASP-154 b,10.76062147,198.96058278,2025,4774.0,994.0,0.044,3.811678
WASP-155 b,13.45077684,276.8285425,2025,5660.0,1468.0,0.043,3.110413
WASP-156 b,5.71659,40.68224,2017,4910.0,970.0,0.0453,3.836169
WASP-156 b,6.02802815,41.8,2017,4987.0,934.5,0.0458,3.8361623
WASP-158 b,11.99363,886.7457,2018,6350.0,1590.0,0.0517,3.656333
WASP-159 b,15.46842,174.8065,2018,6120.0,1850.0,0.0538,3.840401
WASP-16 b,13.652562,264.43456,2009,5630.0,1389.0,0.0415,3.1186068
WASP-160 B b,12.21781,88.35674,2018,5298.0,1119.0,0.0452,3.7684952
WASP-161 b,12.811887,791.3967,2018,6400.0,1557.0,0.0673,5.4060425
WASP-162 b,11.209,1652.716,2018,5300.0,910.0,0.0871,9.62468
WASP-163 b,13.473218,594.3421,2018,5500.0,1638.0,0.0266,1.6096884
WASP-164 b,12.643752,676.9779,2018,5806.0,1610.0,0.02818,1.7771255
WASP-165 b,14.12334,209.13214,2018,5599.0,1624.0,0.04823,3.465509
WASP-166 b,7.06167,32.10083,2019,6050.0,1270.0,0.0641,5.44354
WASP-167 b,17.71022,2542.64,2017,7000.0,2329.0,0.0365,2.0219596
WASP-168 b,16.8135,133.4886,2018,6000.0,1340.0,0.0519,4.153658
WASP-169 b,14.616536,178.30263,2019,6110.0,1604.0,0.0681,5.6114118
WASP-17 b,22.317119,154.46538,2009,6650.0,1771.0,0.0515,3.735438
WASP-170 b,12.285064,508.528,2018,5600.0,1422.0,0.0337,2.34478022
WASP-171 b,10.98482,344.52772,2019,5965.0,1642.0,0.0504,3.8186244
WASP-172 b,17.59813,149.3801,2018,6900.0,1740.0,0.0694,5.477433
WASP-173 A b,14.403565,1102.8701,2018,5767.0,1842.0,0.02508,1.3866529
WASP-173 A b,13.4508,1172.7927,2018,5800.0,1880.0,0.0248,1.38665318
WASP-174 b,14.5717,413.179,2018,6400.0,1490.0,0.0559,4.2337
WASP-174 b,16.10730527,104.88337431,2018,6399.0,1528.0,0.05503,4.2337005
WASP-175 b,13.540472,314.6517,2019,6229.0,1571.0,0.04403,3.0652907
WASP-176 b,16.869545,271.74465,2020,5941.0,1721.0,0.0535,3.899052
WASP-177 b,17.71022,161.45764,2019,5017.0,1142.0,0.03957,3.071722
WASP-178 b,21.74546,448.1403,2019,8640.0,2402.0,0.0545,3.3448412
WASP-178 b,20.28829,527.5978,2019,9360.0,2470.0,0.0558,3.3448285
WASP-18 b,12.980022,3270.4707,2009,6400.0,2392.0,0.02034,0.94145181
WASP-18 b,13.89913607,3241.8497514,2009,6432.0,2429.0,0.02024,0.94145223
WASP-18 b,13.036067,3299.0754,2009,6455.0,2413.0,0.02043,0.94145181
WASP-18 b,14.6,3241.7,2009,6400.0,2400.0,0.02,0.9
WASP-180 A b,13.89916,286.047,2019,6600.0,1540.0,0.048,3.409264
WASP-181 b,13.271456,95.03117,2019,5839.0,1186.0,0.05427,4.5195064
WASP-182 b,9.52765,47.03884,2019,5638.0,1479.0,0.0451,3.3769848
WASP-183 b,16.47723,159.55066,2019,5313.0,1111.0,0.04632,4.1117771
WASP-184 b,14.90797,181.1631,2019,6000.0,1480.0,0.0627,5.1817
WASP-185 b,14.01125,311.4734,2019,5900.0,1160.0,0.0904,9.38755
WASP-188 b,14.81827249,458.6263913,2025,6850.0,1666.0,0.072,5.748916
WASP-189 b,18.14733975,632.47852993,2020,8000.0,3353.0,0.05053,2.724033
WASP-19 b,15.602928,339.76027,2009,5568.0,2520.0,0.01634,0.788838989
WASP-19 b,15.636555,354.06262,2009,5440.0,2067.0,0.01616,0.78883942
WASP-19 b,15.86070769,366.77398168,2009,5616.0,2113.0,0.01652,0.78883852
WASP-190 b,12.89035,317.83,2019,6400.0,1500.0,0.0663,5.367753
WASP-192 b,13.78707,731.009,2019,5910.0,1620.0,0.0408,2.8786765
WASP-193 b,16.40994774,44.17814857,2023,6078.0,1254.0,0.0676,6.2463345
WASP-194 b,15.47960235,373.13054982,2025,6405.0,1693.0,0.047,3.183387
WASP-195 b,10.31226224,33.05415433,2025,6300.0,1522.0,0.063,5.051928
WASP-197 b,14.44837612,403.32424848,2025,6050.0,1665.0,0.065,5.167228
WASP-2 b,12.52,290.484,2007,5200.0,1300.0,0.03138,2.15226
WASP-2 b,12.005,290.802,2007,5200.0,1304.0,0.03138,2.152226
WASP-2 b,11.690987,269.20201,2007,5150.0,1281.0,0.03033,2.15222144
WASP-2 b,11.690987,269.20201,2007,5150.0,1281.0,0.03033,2.15222144
WASP-2 b,11.915167,279.6904,2007,5170.0,1286.0,0.03092,2.15222144
WASP-2 b,12.116929,295.89973,2007,5180.0,1311.0,0.03144,2.152175
WASP-20 b,16.388,98.841,2015,5940.0,1379.0,0.06,4.8996284
WASP-21 b,14.156967,93.75985,2010,5800.0,1340.0,0.0516,4.322506
WASP-22 b,13.439591,196.10111,2010,6153.0,1502.0,0.0489,3.53273064
WASP-22 b,12.55408,177.9848,2010,6000.0,1430.0,0.0468,3.53269
WASP-24 b,14.605327,352.47347,2010,6107.0,1772.0,0.03635,2.3412217
WASP-25 b,13.977623,190.06234,2010,5736.0,1210.0,0.04819,3.7648327
WASP-26 b,14.79585452,324.18497514,2010,5950.0,1660.0,0.04,2.7566
WASP-26 b,13.630144,324.1866,2010,6015.0,1650.0,0.03966,2.7565972
WASP-28 b,15.177,285.717,2014,6084.0,1473.0,0.0445,3.40884
WASP-28 b,13.597,288.26,2014,6150.0,1468.0,0.04469,3.40883
WASP-3 b,16.297886,654.7298,2007,6400.0,2028.0,0.03187,1.846835
WASP-3 b,15.871944,645.1949,2007,6400.0,2020.0,0.03185,1.8468373
WASP-3 b,14.68379,559.3808,2007,6400.0,1960.0,0.0317,1.846834
WASP-33 b,18.819911,1042.4824,2010,7430.0,2723.0,0.0259,1.21987016
WASP-33 b,17.855937,665.21819,2010,7430.0,2781.7,0.0239,1.21987
WASP-34 b,13.675,187.51,2010,5700.0,1250.0,0.0524,4.3176782
WASP-36 b,14.874343,750.39663,2011,5959.0,1733.0,0.02677,1.53736596
WASP-36 b,14.358729,726.55938,2011,5880.0,1724.0,0.02643,1.53736423
WASP-38 b,12.3,858.1,2010,6200.0,1250.0,0.076,6.9
WASP-39 b,14.336311,89.31023,2011,5485.0,1166.0,0.04828,4.0552941
WASP-4 b,15.289076,396.96967,2007,5540.0,1673.0,0.02318,1.33823144
WASP-4 b,15.367539,409.68287,2007,5500.0,1662.0,0.02329,1.3382315
WASP-4 b,15.210613,393.15571,2007,5500.0,1661.0,0.02307,1.3382315
WASP-41 b,13.204202,310.51991,2012,5546.0,1242.0,0.041,3.05240154
WASP-41 b,13.22662,298.7602,2012,5545.0,1244.0,0.04,3.052404
WASP-42 b,12.576498,167.49641,2012,5315.0,1021.0,0.0561,4.9816819
WASP-43 b,11.276254,635.02434,2011,4500.0,1426.7,0.01504,0.813473978
WASP-43 b,10.42,572.1,2011,4400.0,1350.0,0.014,0.8
WASP-44 b,12.3299,276.5121,2011,5420.0,1337.0,0.03453,2.423804
WASP-44 b,10.98482,275.55861,2011,5410.0,1304.0,0.03443,2.423812
WASP-45 b,10.603714,306.38812,2011,5150.0,1153.0,0.03963,3.126089
WASP-45 b,11.119328,318.46566,2011,5100.0,1170.0,0.0405,3.126096
WASP-46 b,13.159366,607.0553,2011,5600.0,1636.0,0.02335,1.43036763
WASP-48 b,18.71903,312.74472,2011,5920.0,2035.0,0.0344,2.14363592
WASP-48 b,15.65,288.0,2011,6000.0,1956.0,0.0332,2.14363544
WASP-49 b,13.428382,126.81417,2012,5600.0,1400.0,0.03873,2.7817362
WASP-5 b,12.184,502.15,2008,5700.0,1706.0,0.0267,1.6284279
WASP-5 b,13.125739,520.28771,2008,5700.0,1732.0,0.02729,1.6284246
WASP-5 b,13.170575,506.93885,2008,5770.0,1753.0,0.0274,1.6284246
WASP-5 b,12.218,502.15,2008,5880.0,1753.0,0.02683,1.6284296
WASP-5 b,13.047276,497.40395,2008,5700.0,1732.0,0.02714,1.6284246
WASP-50 b,13.069694,466.828704,2011,5400.0,1394.84,0.0293,1.9551
WASP-52 b,14.24,146.2,2012,5000.0,1315.0,0.0272,1.7497798
WASP-53 b,12.038466,677.61356,2017,4953.0,1053.0,0.04101,3.3098443
WASP-54 b,18.528,202.131,2012,6100.0,1759.0,0.04987,3.6936411
WASP-55 b,14.964015,199.27941,2012,6070.0,1300.0,0.0558,4.4656291
WASP-56 b,12.24,181.473,2012,5600.0,1216.0,0.05458,4.617101
WASP-57 b,11.76945,204.68252,2012,5600.0,1338.0,0.03769,2.83891856
WASP-57 b,10.267,213.573,2012,5600.0,1251.0,0.0386,2.838971
WASP-58 b,15.36,282.86,2012,5800.0,1270.0,0.0561,5.01718
WASP-59 b,8.687,274.276,2012,4650.0,670.0,0.0697,7.919585
WASP-6 b,13.78707,154.14755,2009,5375.0,1184.0,0.0414,3.36100208
WASP-60 b,13.731025,177.9848,2012,6105.0,1479.0,0.05548,4.305004
WASP-60 b,9.64,163.358,2012,5900.0,1320.0,0.0531,4.3050011
WASP-61 b,13.56289,654.7298,2012,6250.0,1624.4,0.0521,3.855898
WASP-62 b,15.02006,184.3414,2012,6230.0,1475.3,0.0571,4.41194
WASP-64 b,14.247,403.945,2012,5400.0,1689.0,0.02648,1.5732918
WASP-65 b,12.464,492.62,2013,5600.0,1480.0,0.0334,2.3114243
WASP-68 b,13.9,301.93,2014,5911.0,1490.0,0.06206,5.084298
WASP-69 b,9.113,82.632,2014,4715.0,963.0,0.04525,3.8681382
WASP-69 b,11.847913,82.6358,2014,4700.0,963.0,0.04525,3.8681382
WASP-7 b,15.401166,311.4734,2008,6520.0,1530.0,0.0624,4.9546416
WASP-7 b,14.90797,305.1168,2008,6400.0,1487.0,0.0617,4.9546416
WASP-7 b,15.277867,305.1168,2008,6400.0,1502.0,0.0619,4.9546416
WASP-7 b,10.256235,305.1168,2008,6400.0,1379.0,0.0618,4.954658
WASP-70 A b,13.047,187.512,2014,5763.0,1387.0,0.04853,3.7130203
WASP-71 b,16.37,712.545,2012,6059.0,2049.0,0.04619,2.9036747
WASP-72 b,14.24,491.3763,2012,6250.0,2210.0,0.03708,2.2167421
WASP-73 b,13.002,597.5,2014,6036.0,1790.0,0.05512,4.08722
WASP-74 b,17.48604,301.9385,2015,5970.0,1910.0,0.037,2.13775
WASP-74 b,15.737436,262.52758,2015,5984.0,1926.0,0.03443,2.1377445
WASP-75 b,14.235,340.06,2013,6100.0,1710.0,0.0375,2.484193
WASP-76 b,20.51247,292.4036,2016,6250.0,2160.0,0.033,1.809886
WASP-76 b,20.78145022,284.13859586,2016,6329.0,2228.0,0.033,1.80988198
WASP-76 b,20.68056939,289.22385037,2016,6366.0,2231.0,0.03304,1.80988158
WASP-77 A b,13.78704626,529.81995447,2012,5617.0,1715.0,0.02335,1.36002854
WASP-77 A b,13.5,572.1,2012,5500.0,1650.0,0.024,1.4
WASP-77 A b,13.56289,559.3808,2012,5500.0,1674.0,0.02396,1.3600306
WASP-78 b,19.055,282.857,2012,6100.0,2350.0,0.0362,2.17517632
WASP-78 b,23.09054,273.3338,2012,6100.0,2469.7,0.0367,2.175173
WASP-79 b,17.14977,270.1555,2012,6600.0,1716.2,0.0519,3.662392
WASP-79 b,23.43,286.03,2012,6600.0,1900.0,0.0535,3.6623866
WASP-79 b,17.14974047,270.15414595,2012,6600.0,1716.2,0.0519,3.662392
WASP-8 b,11.2,699.2,2010,5600.0,950.0,0.08,8.2
WASP-80 b,11.197791,170.99254,2012,4143.0,825.0,0.0344,3.06785234
WASP-80 b,10.65,174.8,2012,4150.0,800.0,0.034,3.1
WASP-81 b,16.017661,231.69807,2017,5870.0,1623.0,0.03908,2.7164762
WASP-82 b,18.71903,394.1092,2015,6490.0,2190.0,0.0447,2.705782
WASP-82 b,19.17,397.27,2015,6480.0,2200.0,0.0448,2.705785
WASP-83 b,11.65736,95.349,2015,5510.0,1120.0,0.059,4.971252
WASP-84 b,10.939984,218.34921,2014,5280.0,833.0,0.0775,8.5234962
WASP-84 b,10.559,220.565,2014,5314.0,797.0,0.0771,8.5234865
WASP-88 b,19.055,177.98,2014,6431.0,1772.0,0.06431,4.954
WASP-89 b,11.65736,1875.197,2015,5130.0,1120.0,0.0427,3.3564227
WASP-90 b,18.27067,200.2329,2016,6430.0,1840.0,0.0562,3.916243
WASP-91 b,11.54527,425.8922,2017,4920.0,1160.0,0.037,2.798581
WASP-92 b,16.376349,255.85315,2016,6280.0,1871.0,0.0348,2.1746742
WASP-93 b,17.900773,467.2101,2016,6700.0,1942.0,0.04211,2.7325321
WASP-94 A b,19.28,143.653,2014,6153.0,1604.0,0.055,3.9501907
WASP-95 b,13.56,359.13,2014,5630.0,1570.0,0.03416,2.184673
WASP-96 b,13.45,152.55,2014,5540.0,1285.0,0.0453,3.4252602
WASP-97 b,12.67,419.52,2014,5640.0,1555.0,0.03303,2.07276
WASP-98 b,12.33,263.79,2014,5525.0,1180.0,0.036,2.96264
WASP-98 b,12.823096,293.03926,2014,5473.0,1171.0,0.03762,2.96264036
WASP-99 b,12.33,883.53,2014,6180.0,1480.0,0.0717,5.75251
WD 1856+534 b,10.4,4386.054,2020,4710.0,163.0,0.0204,1.4079405
WTS-1 b,16.7,1274.44,2012,6250.0,1500.0,0.047,3.352057
WTS-2 b,15.277867,355.9696,2014,5000.0,2000.0,0.01855,1.0187068
Wendelstein-1 b,11.5609626,188.15536,2020,4251.0,2198.0,0.0282,2.663416
Wendelstein-2 b,12.9934728,232.33373,2020,4591.0,2470.0,0.0234,1.7522239
Wolf 327 b,1.24,2.53,2024,3542.0,996.0,0.01,0.5734745
Wolf 503 b,2.043,6.26,2018,4716.0,790.0,0.05706,6.00127
Wolf 503 b,2.043,6.27,2018,4716.0,789.0,0.05712,6.00127
XO-1 b,13.518054,293.67492,2006,5750.0,1210.0,0.04944,3.9415128
XO-2 N b,11.018447,179.89178,2007,5340.0,1319.0,0.03684,2.615857
XO-2 N b,11.029656,188.47319,2007,5340.0,1328.0,0.03616,2.615864
XO-2 N b,11.119328,176.39565,2007,5340.0,1328.0,0.03647,2.615864
XO-3 b,13.988832,3759.9289,2007,6429.0,1729.0,0.04529,3.1915289
XO-4 b,14.425983,491.68301,2010,6397.0,1630.0,0.05474,4.1250828
XO-4 b,14.45961,483.41943,2010,6397.0,1630.0,0.05475,4.12502
XO-5 b,12.89035,365.5045,2008,5510.0,1244.0,0.0508,4.187732
XO-5 b,12.78,378.2,2008,5430.0,1230.0,0.0515,4.1877558
XO-5 b,12.206601,344.52772,2008,5370.0,1203.0,0.0494,4.187757
XO-6 b,23.20263,1398.452,2016,6720.0,1577.0,0.0815,3.7650007
XO-7 b,15.389957,225.34147,2019,6250.0,1743.0,0.04421,2.8641424
pi Men c,2.06,4.52,2018,5870.0,1147.0,0.06702,6.26834
pi Men c,2.042,4.82,2018,6037.0,1169.8,0.06839,6.2679
