st_teff,pl_eqt,pl_rade,pl_orbsmax
4060.0,1800.0,18.647,330.0
5234.0,1958.0,2.08,0.01544
3700.0,593.0,4.07,0.0645
3700.0,454.0,3.24,0.1101
5766.0,546.0,2.23,0.241
4993.0,1303.0,14.68376472,1662.0
6935.0,2001.0,21.59,0.0656
2320.0,1800.0,20.8487041,200.0
3406.0,434.0,12.44196858,7506.0
5950.0,1915.0,17.385159,0.02536
5950.0,1834.0,15.91678,0.0259
5075.0,647.0,10.547669,0.106
5075.0,600.0,10.87,0.1055
6440.0,1735.0,15.984034,0.044
6440.0,1657.0,16.03,0.0436
5675.0,1410.0,15.13215,0.0394
5675.0,1442.0,16.14,0.04016
5945.0,1700.0,9.92,0.051
5945.0,1432.0,14.033668,0.051
6035.0,1936.0,11.410762,0.02687
6035.0,1952.0,12.22,0.027
5740.0,1626.0,11.43,0.0461
5740.0,1610.0,11.287463,0.0481
5440.0,1490.0,14.022459,0.0286
5440.0,1550.0,14.68,0.0295
6090.0,2000.0,14.46,0.0518
6090.0,1630.0,13.33871,0.0512
5696.0,1548.0,16.47723,0.02854
5598.0,1521.0,16.36514,0.02835
5880.0,1100.0,13.00244,0.0892
5880.0,1002.0,9.42,0.0902
5939.0,885.0,4.88,0.092
5900.0,1660.0,11.77,0.048
5900.0,1710.0,13.22662,0.04809
4950.0,1070.0,3.7,0.056
4950.0,850.0,5.0,0.098
6040.0,1330.0,12.11,0.0578
5590.0,1600.0,14.12,0.0526
5900.0,1500.0,11.287,0.0476
6740.0,1695.0,11.623733,0.05783
6390.0,1747.0,18.83108758,0.0429
6730.0,1567.0,15.80466279,0.066
6190.0,1058.0,13.00244,0.0912
6190.0,1074.0,13.34,0.09
6100.0,1438.0,15.558,0.04947
6100.0,1348.0,13.249038,0.05004
6090.0,1025.0,13.282665,0.0855
6090.0,1017.0,13.068,0.0855
5250.0,1910.0,1.860694,0.0169
5259.0,1756.0,1.585,0.017016
5080.0,922.0,7.980808,0.0633
5625.0,420.0,11.948794,0.4021
5625.0,413.0,11.623733,0.4027
5970.0,938.0,6.38913,0.071
5679.0,2038.0,1.565,0.0177
6025.0,886.35,6.12,0.148
5496.0,2063.0,1.82,0.01312
5578.0,2299.0,1.676,0.01314
5470.0,2333.0,1.52,0.0116
5532.0,2300.0,1.725,0.01326
5578.0,804.0,2.84,0.1073
5470.0,774.0,2.5,0.105
5496.0,722.0,2.77,0.1071
5532.0,805.0,2.836,0.1083
5868.0,804.0,2.332,0.1237
6202.0,1401.0,11.780659,0.07229
4898.0,183.0,12.44199,4.5
5430.0,1616.0,1.95,0.047
5430.0,990.0,3.67,0.13
5430.0,752.0,3.94,0.22
3395.0,440.6,1.9,0.0418
3348.0,456.0,2.025,0.0385
3229.0,583.8,1.19151465,0.0157
3270.0,529.0,1.13,0.0153
3250.0,596.0,2.742,0.0149
3101.0,567.0,2.733,0.01505
3458.0,1089.0,1.193,0.00916
4640.0,422.0,2.61,0.1915
3556.0,693.0,2.13,0.03165
3600.0,615.0,4.2,0.0348
3600.0,593.5,4.57,0.0355
3652.0,604.0,3.88,0.031
3347.0,773.0,1.264,0.01589
3505.0,525.0,1.217,0.035
3522.0,1745.0,0.718,0.0071
3522.0,1365.0,0.699,0.00709
3384.0,568.0,1.09,0.0252
3369.0,568.8,1.15,0.02569
4120.0,308.6,2.63,0.2324
4120.0,124.7,8.4,1.4
3350.0,686.0,4.1910451,0.03109
3500.0,669.0,4.091285,0.02887
3350.0,649.0,4.2224,0.02872
3291.0,706.0,1.343,0.01713
3340.0,701.0,1.305,0.01734
3317.0,696.3,1.289,0.01714
3600.0,940.0,1.331,0.01406
4269.0,1172.0,1.62,0.01888
4305.0,1175.0,1.577,0.0188
4219.0,1114.0,1.58,0.0206
4236.0,1035.01,1.44,0.0189
4269.0,811.0,1.269,0.03942
4305.0,813.0,1.241,0.03925
4219.0,771.0,1.24,0.0429
4236.0,715.94,1.13,0.0395
4236.0,675.0,1.98,0.053
4305.0,681.0,2.022,0.0559
4219.0,646.0,2.04,0.0611
4236.0,599.68,1.89,0.0563
4269.0,680.0,2.07,0.05615
7000.0,2300.0,16.47720163,0.0338
3253.0,315.0,0.9,0.067
3296.0,314.6,0.958,0.0668
5975.0,1291.0,13.641353,0.05535
5980.0,1322.0,14.784671,0.05561
5975.0,1306.0,13.921578,0.0553
5980.0,1322.0,14.784671,0.05561
4780.0,878.0,4.73,0.053
4780.0,847.0,4.901,0.0532
4780.0,838.0,4.449973,0.05259
4665.0,955.0,10.301071,0.03767
4650.0,963.0,10.749,0.0384
5653.0,1740.0,16.667783,0.0431
5653.0,1653.0,14.359,0.0427
6600.0,1624.0,13.663771,0.06108
6583.0,1612.0,13.4508,0.0596
6600.0,1570.0,12.89,0.0606
5568.0,904.0,12.016,0.0964
6158.0,1571.0,13.33871,0.0413
6158.0,1626.0,14.448,0.0413
5246.0,792.0,11.321,0.0882
4803.0,852.0,11.153,0.0559
4870.0,841.0,10.614923,0.0559
4990.0,1010.0,12.689,0.0466
4962.0,981.2,11.29865255,0.04599
6290.0,1516.0,13.33871,0.0674
6290.0,1398.0,11.242627,0.0679
6290.0,1540.0,12.969,0.06878
6300.0,1700.0,12.3,0.068
4595.0,964.0,11.489225,0.03593
4595.0,970.0,9.718,0.0361
4600.0,950.0,9.75,0.036
5588.0,1283.0,11.478,0.0494
5314.0,1293.0,11.88154,0.04171
5302.0,1283.0,12.106,0.0414
5302.0,1463.0,12.10572,0.0414
5905.0,2056.0,15.334,0.0232
5885.0,1951.0,13.72,0.02302
6373.0,1637.0,13.922,0.0465
5519.0,1182.0,12.722215,0.0466
5500.0,1202.0,13.339,0.0466
5079.0,1001.0,6.333,0.0479
5680.0,1384.0,13.585,0.0434
6087.0,1260.0,12.408,0.0667
6115.0,1271.0,11.926376,0.0665
5185.0,1127.0,10.076891,0.03882
5185.0,1189.0,10.614923,0.03842
5190.0,1170.0,10.211399,0.03878
6304.0,1630.0,15.02,0.0419
6065.0,1450.0,11.99,0.055
6207.0,1786.0,20.053,0.0343
6001.0,1835.7,22.19382,0.03397
6446.0,1782.0,18.898,0.0499
6442.0,1520.0,13.417,0.0677
6096.0,1581.0,14.93,0.0498
5560.0,1823.0,14.168,0.0238
5560.0,1820.2,15.210613,0.02402
5620.0,1788.0,14.616536,0.02388
5620.0,1780.97,14.313893,0.0241
5500.0,1271.0,13.204,0.0379
5330.0,1082.0,9.247,0.0523
6430.0,1752.0,17.609,0.0509
5860.0,1691.0,14.986433,0.04465
5860.0,1686.0,14.28,0.04438
6080.0,1770.0,19.392,0.0608
6390.0,1941.0,18.887,0.0426
5743.0,1428.0,14.348,0.0575
5645.0,1361.0,14.359,0.0443
5295.0,1108.0,13.922,0.0507
6330.0,1652.0,15.984,0.0452
6120.0,1458.0,14.392,0.0577
6820.0,2131.0,15.838,0.0438
5960.0,1539.0,14.056086,0.04071
6280.0,1862.0,14.437192,0.0453
5449.0,1192.0,14.493237,0.05069
5453.0,1168.2,13.50682174,0.05042
5131.0,1218.0,11.309881,0.03694
5956.0,1778.0,14.773462,0.03159
4390.0,818.0,10.581296,0.04117
5808.0,1313.0,13.249038,0.04604
5804.0,1367.0,14.84069045,0.04628
6566.0,1840.0,16.432394,0.0423
7500.0,2200.0,15.838317,0.0406
6078.0,1622.0,14.93036229,0.04994
5678.0,1277.8,12.58768533,0.05064
6570.0,1675.0,14.90797,0.05237
6570.0,1704.0,15.636555,0.05244
6212.0,1772.0,18.28184752,0.06277
5587.0,1505.0,10.07687365,0.0301
5629.0,1512.0,12.02723629,0.03772
5400.0,1237.0,12.5428494,0.04294
6457.0,1766.0,19.08889413,0.05387
5835.0,1930.0,21.18501,0.03951
5872.0,1818.0,18.05766791,0.04042
6002.0,1896.0,17.82231,0.04363
6406.0,1903.0,23.370765,0.06505
4508.0,1027.8,12.016048,0.02996
7394.0,1930.0,18.786284,0.06555
6532.23,2733.0,15.043,0.0377
6441.0,2700.0,16.712619,0.03676
6350.0,2200.0,15.905571,0.0355
6350.0,2194.0,16.421185,0.03805
8450.0,2562.0,20.96083,0.04739
6200.0,1700.0,16.81,0.0487
6350.0,1540.0,15.46842,0.0529
6350.0,1540.0,15.614137,0.05287
6350.0,1530.0,15.69,0.053
5870.0,1359.0,14.594,0.0444
5880.0,1407.0,10.861521,0.04491
6060.0,1637.0,16.92559,0.04614
6408.0,2097.0,15.13215,0.04795
5523.0,1244.0,13.585308,0.04057
5346.0,1276.0,11.646151,0.03815
5311.0,1505.0,12.385945,0.02712
5738.0,1592.0,14.5717,0.03744
5846.0,814.0,8.709393,0.1308
5600.0,2060.0,14.986433,0.01761
5600.0,2069.48,14.896761,0.0174
5227.0,1577.0,13.092,0.023
4803.0,858.0,10.682177,0.05025
5780.0,1654.0,20.84874,0.03397
6125.0,2166.0,15.636555,0.0238
6346.0,2067.0,16.667783,0.02547
5715.0,1277.0,14.12334,0.05163
6071.0,1918.0,19.61575,0.04735
6438.0,1659.0,16.8135,0.0611
5498.0,1253.0,13.383546,0.04131
5670.0,1212.0,14.022459,0.05475
6351.0,1648.0,15.48,0.0485
5943.0,1414.0,13.170575,0.04354
6050.0,1823.0,18.38276,0.0478
5700.0,1437.0,14.000041,0.04024
5659.0,1429.0,13.78707,0.03727
5380.0,1445.0,16.02887,0.03166
6300.0,2037.0,16.409976,0.03199
6149.0,1356.0,13.843115,0.05425
5326.0,1085.0,6.792654,0.04913
5732.0,1294.0,6.882326,0.05036
6572.0,1645.0,17.59813,0.06007
5403.0,1315.0,11.433,0.0362
6460.0,2101.0,17.71022,0.04997
6424.0,1710.0,14.90797,0.0583
6060.0,1856.0,15.6926,0.03689
5099.0,1003.0,13.22662,0.04944
5080.0,1161.0,11.960003,0.03649
6450.0,1518.0,14.414774,0.05511
5495.0,1054.0,10.121727,0.05367
4512.0,852.9,12.520453,0.04269
4546.0,954.6,8.9672,0.03769
4405.0,834.8,8.574885,0.04515
5304.0,1025.0,10.223,0.0542
5758.0,1553.0,15.80469,0.04639
6010.0,1834.0,15.490838,0.02498
5644.0,1312.0,15.02006,0.04753
5621.0,1429.0,11.37711541,0.037
5702.0,1625.0,11.960003,0.03763
6214.0,1367.0,14.022459,0.05412
6536.0,1902.0,18.920792,0.06043
5587.0,1413.4,12.767051,0.03493
7175.0,1721.0,12.273855,0.05798
5670.0,1128.0,12.621334,0.06112
3724.0,712.8,11.186582,0.03623
5688.0,1528.0,12.923977,0.04708
5542.0,1226.1,13.394755,0.07908
5416.0,1237.0,11.825495,0.04163
5627.0,1398.3,13.529263,0.04026
6554.0,1793.0,18.819911,0.06562
6277.0,1634.0,16.824709,0.04497
6626.0,1998.0,15.815899,0.04714
6594.0,2193.0,18.887165,0.03032
6147.0,1741.0,13.809488,0.05071
5137.0,1295.7,10.592505,0.03211
4985.0,1084.0,6.310667,0.04012
7930.0,2730.0,15.513256,0.03632
3405.0,586.8,11.478016,0.03745
4656.1,739.3,8.0973816,0.066517
3776.9,895.1,11.56766808,0.02384
3790.4,772.3,9.90873894,0.032742
4016.0,939.8,12.09449018,0.02658
4071.0,828.3,13.05846252,0.03607
5679.0,1324.0,9.785457,0.04667
5366.0,1823.0,11.937585,0.03048
6327.0,1153.0,2.44,0.0907
6327.0,886.0,4.35,0.1536
5266.0,800.0,2.2,0.0793
5266.0,699.0,2.388,0.1039
5266.0,602.0,2.852,0.1362
5266.0,533.0,1.94,0.1785
5266.0,489.0,2.601,0.2163
5266.0,440.0,2.607,0.2621
5732.0,1371.0,2.05,0.035
5742.0,1361.0,12.778238,0.0713
5872.0,1360.0,12.06086323,0.08635
5788.0,1371.0,12.55405838,0.0701
5683.0,1494.0,12.73340208,0.07071
5698.0,750.83,2.5320132,0.12
5710.0,815.0,2.51,0.12
5850.0,911.0,1.482,0.0969
5664.0,905.0,1.664,0.0964
5850.0,682.0,2.608,0.1729
5664.0,677.0,2.916,0.1721
5664.0,431.0,2.562,0.425
5799.0,2130.0,1.31,0.02732
5521.0,1228.3,11.500434,0.1097
5474.0,1519.0,11.466807,0.1003
6160.0,1634.0,7.330686,0.04313
6147.0,1626.0,6.83749,0.04288
5131.0,1006.0,1.699,0.05245
5125.0,1001.0,1.64,0.0522
5131.0,656.1,2.522,0.1235
5125.0,642.0,2.39,0.1268
6079.0,883.0,11.937585,0.1637
5784.0,752.0,3.49,0.1322
5706.0,748.0,3.53,0.13
5788.0,769.0,3.55,0.1334
5083.0,863.0,2.7,0.05
5050.0,1191.0,12.901559,0.03142
5040.0,1201.0,12.756,0.03099
5050.0,1209.0,12.542871,0.03106
5385.0,818.69,3.39512346,0.079
5348.0,880.0,3.41,0.0804
5348.0,893.0,3.39,0.078
5385.0,554.51,3.1823776,0.171
5348.0,600.0,3.195,0.1752
5348.0,605.0,3.08,0.17
5348.0,540.0,2.995,0.2132
5385.0,502.73,3.1168896,0.209
5348.0,549.0,3.04,0.207
6272.0,2132.0,17.317905,0.05208
5596.0,2141.0,1.72,0.018
4819.0,743.0,2.25,0.0629
5070.0,632.2,2.501,0.1163
5106.0,581.75,2.34302132,0.117
6117.0,1459.0,15.46842,0.04747
6065.0,1449.0,15.233,0.04707
5978.0,2128.0,1.745,0.02012
5871.0,637.0,2.697,0.1726
4640.0,701.0,0.892,0.0695
4699.0,1015.0,1.602,0.03876
4699.0,782.0,1.511,0.0653
4699.0,410.5,1.61,0.237
4699.0,522.6,1.31,0.1463
5527.0,1073.0,4.71,0.06356
6169.0,546.0,2.607,0.2958
4684.0,543.0,2.0,0.1162
4684.0,467.0,1.87,0.1646
4684.0,909.0,0.75,0.04298
4684.0,723.0,0.818,0.068
4684.0,630.0,1.137,0.0906
5087.0,753.95,2.07506422,0.071
6220.0,1290.0,2.62,0.076
6353.0,1198.46,2.54535814,0.076
6220.0,1707.0,1.5,0.0435
6353.0,1585.57,1.36354953,0.0443
3803.0,709.0,1.24,0.02933
3803.0,557.0,1.533,0.04749
6801.0,2061.0,16.14096,0.0568
6120.0,881.2,2.199,0.1357
6120.0,585.2,4.23,0.308
6120.0,506.5,3.25,0.411
5261.0,1774.0,1.67,0.01796
5286.0,1759.0,1.574,0.01752
5300.0,1777.0,1.627,0.01802
5261.0,564.0,3.0,0.1776
5300.0,565.0,2.923,0.1783
5286.0,548.0,2.74,0.1806
6128.0,798.3,9.07303305,0.145
6089.0,876.0,9.718203,0.1436
5666.0,479.0,2.54,0.25
5289.0,716.0,3.41,0.111
5289.0,777.0,3.48,0.107
5323.0,703.39,3.42633318,0.11
5240.0,755.0,3.36,0.109
6203.0,943.0,2.45,0.1202
5934.0,1075.31,2.42763557,0.06
5920.0,1194.0,2.45,0.059
5634.0,886.44,2.16351593,0.072
5634.0,622.31,2.58229101,0.146
5513.0,825.22,2.91575244,0.083
5513.0,619.59,3.06451296,0.148
6252.6,911.0,2.884,0.131
4582.0,742.7,2.84,0.05995
4511.0,714.0,2.79,0.0604
4582.0,517.8,2.73,0.1233
4511.0,498.0,2.39,0.1242
6007.0,1128.86,2.89646124,0.073
5574.0,405.0,11.242627,0.4564
5959.0,2463.0,1.613,0.01661
5863.0,1311.0,2.16,0.049
5861.0,460.0,2.49,0.58
5576.0,1089.0,7.39794,0.1066
5622.0,1068.0,7.263432,0.1115
5499.0,1053.0,6.86,0.105
5908.0,1842.23,1.46954368,0.02061
5987.0,2042.0,1.35,0.02085
5987.0,1344.0,3.228,0.04813
5908.0,1212.45,3.11976057,0.04726
5212.0,385.0,3.89,0.262
5170.0,757.0,2.247,0.08
5089.0,690.0,2.53,0.0906
5089.0,745.0,2.53,0.07765
5048.0,753.2,2.469,0.0792
5289.0,1123.0,1.551,0.04518
5289.0,1217.0,1.58,0.0436
5289.0,998.0,1.37,0.0649
5289.0,920.0,1.538,0.0673
4590.0,1411.0,22.75427,0.01782
8840.0,1500.0,16.8135,92.0
5618.0,794.96,2.53625843,0.093
5530.0,855.0,2.56,0.092
5618.0,650.68,2.52442508,0.139
5530.0,699.0,2.48,0.138
5991.0,1060.0,3.0,0.0787
5550.0,685.0,3.75,0.144
5649.0,640.88,3.82838127,0.145
5609.0,663.4,3.9,0.1438
5649.0,470.31,3.42855926,0.269
5550.0,503.0,3.34,0.268
5609.0,486.9,3.343,0.2669
5198.0,757.0,2.74,0.089
5216.0,701.66,2.4801338,0.091
6354.0,1552.0,2.004,0.04888
6354.0,1309.0,1.979,0.0687
6354.0,1061.0,2.001,0.1046
7400.0,1150.0,13.11453,16.4
5945.0,1841.0,3.88,0.0301
6030.0,1780.0,16.14096,0.048
5474.0,1446.0,5.28,0.0573
5010.0,638.0,2.592,0.10207
5010.0,640.0,2.592,0.1021
5775.0,1309.0,1.82,0.0565
5730.0,1309.0,1.9,0.0621
5627.0,1178.0,10.42437,0.0558
4899.0,701.4,10.59248676,0.0944
5027.0,719.0,10.558878,0.09309
4920.0,701.0,10.44677001,0.0943
5870.0,696.0,11.80305668,0.1415
5560.0,682.0,12.498035,0.1367
5672.0,1026.0,2.44,0.0792
5120.0,2223.0,1.69,0.00936
4878.0,1586.0,12.206601,0.0916
4500.0,610.0,1.014,0.0707
4500.0,470.0,3.0,0.1185
4500.0,420.0,1.565,0.1538
3492.0,1471.0,0.89,0.0058
5340.0,565.0,9.056872,0.179
5654.0,1114.0,12.273855,0.0591
5585.0,962.0,13.56286665,0.068
4373.0,2039.0,1.54,0.00716
4570.0,2103.0,1.51,0.00747
4570.0,695.0,7.0,0.0683
5334.0,2432.0,0.935,0.00962
6011.0,1174.0,2.3,0.091
3457.0,284.0,2.37,0.1429
3457.0,235.0,2.38,0.143
3457.0,254.9,2.61,0.1591
5365.0,797.5,2.46597575,0.0756
5110.0,729.0,2.24179614,0.075
5170.0,969.0,2.69,0.0526
5128.0,965.8,2.71257333,0.05174
4491.0,913.0,1.73,0.0382
4491.0,694.0,2.85,0.0662
4503.0,1103.0,1.75,0.028
3830.0,2100.0,2.5,0.0088
5942.0,871.0,2.35,0.1206
5185.0,1960.0,1.164,0.012888
5185.0,800.0,2.12,0.07577
6154.0,1030.0,11.209,0.10356
5888.0,1001.0,11.859122,0.0991
5033.0,1121.0,1.343,0.03308
5033.0,790.0,1.281,0.06666
5033.0,523.0,2.358,0.15224
6257.0,1884.0,18.49485,0.037
6180.0,1759.0,16.06246934,0.03552
6360.0,1828.0,16.19697711,0.03558
6099.0,1838.0,18.405178,0.0353
5630.0,1587.0,14.5717,0.046
5743.0,767.0,5.68,0.154
5743.0,606.0,7.82,0.247
3207.0,494.0,3.44,0.0287
6860.0,2090.0,18.41635529,0.04392
6367.0,1957.0,17.396368,0.0404
5445.0,1046.0,9.52763359,0.1034
5537.0,1080.0,9.52765,0.102
5503.0,1030.0,9.50521563,0.1087
5490.0,1036.0,9.26982704,0.1086
5368.0,470.0,2.41,0.2573
5368.0,470.0,2.41,0.2573
5420.0,1366.0,1.70824866,0.03359
4285.0,1515.0,3.3,0.01306
4285.0,664.5,0.705,0.0679
4285.0,538.3,2.93,0.1035
4285.0,490.1,2.73,0.1249
5248.0,902.0,4.48,0.06702
5500.0,787.0,7.5,0.1461
4975.0,1088.9,2.59,0.03817
4975.0,741.4,3.53,0.0824
4975.0,619.9,2.48,0.1178
4975.0,500.9,1.95,0.18041
5695.0,804.0,9.494023,0.1206
5358.0,1171.0,13.33871,0.04217
5222.0,1076.0,11.209,0.04097
6302.0,1230.0,3.06,0.0923
6302.0,676.0,11.276254,0.305
5725.0,795.0,2.63,0.13
4444.0,852.0,10.054473,0.0451
3844.0,501.3,2.078,0.0747
3835.0,513.0,2.25,0.0778
3835.0,381.0,1.69,0.1414
3844.0,371.8,1.582,0.1357
3835.0,312.0,1.62,0.2097
3844.0,305.2,1.458,0.2014
5575.0,1203.0,11.982421,0.0419
5581.0,1185.0,13.405964,0.04986
5425.0,1092.0,11.646151,0.04839
5271.0,837.0,5.299,0.0795
5275.0,817.0,5.13,0.08036
5271.0,634.0,3.134,0.13843
5275.0,619.0,3.01,0.1399
5275.0,537.0,3.43,0.1862
5271.0,550.0,3.484,0.18422
5271.0,1066.0,1.212,0.04899
5282.0,650.0,8.675766,0.1016
3410.0,850.0,5.76,0.0409
6149.0,1715.0,15.434793,0.0465
6132.0,1742.0,15.13215,0.04419
4916.0,1328.0,1.43,0.02288
4916.0,1224.0,1.43,0.0223
4916.0,854.0,3.2,0.05528
4916.0,788.0,3.2,0.054
5705.0,1310.0,1.655,0.0503
5731.0,1266.0,1.54,0.04994
5757.0,1184.0,1.55,0.0506
5731.0,916.0,2.29,0.09514
5757.0,858.0,2.42,0.0964
5705.0,949.0,2.49,0.0959
4912.0,1670.0,5.71,0.0574
3173.0,412.4,1.015,0.027
3746.0,447.0,2.66,0.088
3861.0,558.0,3.31,0.063
3711.0,377.0,10.55,0.1208
5500.0,1400.0,7.655747,0.045
5887.0,1372.0,2.49,0.05983
5897.0,1022.0,4.09,0.0988
4673.0,1566.0,13.45077684,0.0854
6120.0,1102.0,4.3,0.0943
6260.0,1185.0,5.06645928,0.0986
6069.0,1184.0,11.88151954,0.153
5948.0,1377.0,15.681391,0.0525
5370.0,1712.0,15.35633,0.06229
5375.0,1712.0,15.13212395,0.0623
6279.0,1800.0,19.95202,0.06708
5802.0,1904.0,17.03768,0.02956
5720.0,1970.0,19.537287,0.03005
6003.0,1642.0,16.174587,0.04613
6236.0,2453.0,15.860735,0.02044
7454.0,2087.0,17.093725,0.04881
6670.0,2085.0,17.59813,0.0455
7500.0,1935.0,21.40919,0.0637
8980.0,2260.0,20.51247,0.057
8720.0,2262.0,19.514869,0.0542
7598.0,2051.0,17.777474,0.05224
5899.0,1561.0,14.829507,0.03302
6415.0,1473.0,15.24421375,0.067
6426.0,1391.0,12.71098411,0.0665
6509.0,1459.0,14.257848,0.06969
6306.0,1816.0,15.076,0.04122
6206.0,1823.0,19.044091,0.04317
6102.0,1313.0,13.372,0.07939
6789.0,2048.0,17.183397,0.04415
5754.0,1675.0,20.84874,0.04571
10170.0,4050.0,21.196219,0.03462
5520.0,511.0,10.54,0.382
7650.0,2550.0,16.948008,0.03641
5830.0,347.0,11.09691,0.534
3515.0,1180.0,0.51,0.008
6182.0,1486.0,1.71,0.05119
6182.0,1012.0,4.32,0.1013
6182.0,806.0,11.27,0.1684
6182.0,584.0,6.56,0.3046
5165.0,1459.0,11.54527,0.0269
5627.0,1833.0,1.416,0.01684
5627.0,2130.0,1.4807089,0.0172
5708.0,2188.0,1.47,0.01685
5708.0,2188.0,1.47,0.01685
5643.0,2160.0,1.46,0.01687
5708.0,2169.0,1.47,0.01685
5708.0,579.0,2.355,0.241
5627.0,485.0,2.227,0.2407
5708.0,578.0,2.355,0.241
5667.0,1513.0,5.77,0.0474
5667.0,1413.0,1.25,0.0684
4909.0,857.0,0.46,0.05521
4909.0,777.0,0.567,0.06702
4909.0,686.0,1.154,0.08618
4909.0,590.0,2.17,0.1162
4909.0,495.0,0.861,0.1656
6009.0,973.0,3.486,0.13223
6009.0,434.0,5.45,0.6639
5854.0,1592.0,1.536,0.04544
5854.0,1593.0,1.536,0.04544
5854.0,1379.0,1.597,0.06064
5854.0,1378.0,1.597,0.06064
5854.0,1173.0,0.86,0.08377
5854.0,1173.0,0.86,0.08377
5854.0,955.0,2.903,0.12639
5854.0,955.0,2.903,0.12638
5950.0,1276.0,2.49,0.0701
5950.0,859.0,2.65,0.1546
5914.0,352.2,7.0840758,0.751
6150.0,984.0,8.059,0.1445
6150.0,704.0,12.341,0.2804
5947.0,1480.0,19.660586,0.0553
5947.0,1485.0,19.122554,0.0555
3841.0,452.0,0.64,0.0753
3841.0,410.0,1.51,0.0913
3841.0,345.0,1.51,0.1288
6395.0,1605.0,12.621334,0.0771
5595.0,1251.0,14.448401,0.0583
6145.0,387.9,12.419572,0.753
5597.0,206.0,9.180171,2.026
6148.0,938.0,2.213,0.1029
5731.0,651.0,5.02,0.197
5100.0,243.0,3.87,0.633
4884.0,134.4,10.16,1.883
5781.0,1570.0,14.68,0.02591
5781.0,1712.0,14.68379,0.02605
5746.0,253.8,11.94877343,2.027
6104.0,1299.0,0.853,0.0758
5541.0,851.0,2.209,0.0846
5495.0,1187.0,1.773,0.04565
5495.0,1105.0,1.868,0.0463
5455.0,1014.0,1.91,0.04537
5455.0,713.0,3.07,0.093
5495.0,772.0,3.047,0.0949
5495.0,828.0,2.894,0.0936
5495.0,401.0,2.744,0.3506
5455.0,369.0,2.75,0.3453
5495.0,430.0,2.606,0.3474
5495.0,1004.0,0.821,0.0637
5495.0,681.0,0.952,0.1387
6305.0,2025.0,1.639,0.0427172
6131.0,1956.0,1.6354,0.042507
6305.0,2015.0,1.639,0.0434
5596.0,279.0,2.1,0.812
5518.0,262.0,2.38,0.849
6004.0,1838.0,1.381,0.02778
6004.0,1431.0,1.57,0.0458
5911.0,978.0,1.486,0.1153
5911.0,928.0,3.679,0.1283
5357.0,718.0,0.3098,0.1019
5357.0,615.0,0.755,0.139
5357.0,499.0,2.03,0.2109
5623.0,475.0,4.3,0.4632
6260.0,851.0,12.240228,0.1539
6260.0,905.0,13.68,0.155
6350.0,897.0,13.9,0.164
5857.0,1620.0,4.124912,0.0449
5857.0,1650.0,4.002,0.0456
6510.0,1620.0,13.11,0.08
6510.0,1744.0,16.14096,0.0802
6510.0,1666.0,14.23543,0.0795
5421.0,438.0,1.199,0.3192
5660.0,1554.0,9.550068,0.02895
5750.0,1790.0,14.46,0.03101
5620.0,1770.0,11.65736,0.02396
5620.0,1730.0,9.98,0.03
5750.0,1850.0,15.031269,0.02897
5560.0,1605.0,13.361,0.03585
5170.0,1070.0,10.962,0.0464
5725.0,1300.0,12.22,0.0414
5800.0,1100.0,13.79,0.091
5150.0,1070.0,12.11,0.0433
6041.0,1603.0,12.498035,0.044
6050.0,1628.0,13.0,0.0444
6041.0,1620.0,13.663771,0.046
6041.0,1637.0,13.45,0.0449
6360.0,1776.0,16.25,0.0679
5977.0,1000.0,12.67,0.1143
6161.0,1729.0,22.31,0.0948
5757.0,1603.0,13.9,0.0455
5800.0,1544.0,12.22,0.0446
5757.0,1568.0,13.4508,0.0457
3820.0,1000.0,10.76,0.03
3820.0,787.0,11.197791,0.02954
5687.0,916.0,2.37,0.09528
5155.0,543.0,9.057,0.1968
6297.0,1868.0,16.04,0.05064
6297.0,1750.0,15.984034,0.0538
6297.0,1692.0,13.56289,0.04967
6018.0,543.0,7.1,0.2514
6018.0,439.0,9.0,0.384
6018.0,381.0,9.7,0.509
5547.0,380.0,2.215,0.4669
5534.0,417.0,2.215,0.3554
5820.0,387.6,8.373123,0.4988
5191.0,1089.0,4.74139884,0.04766
5191.0,251.0,11.57887706,0.898
5647.0,1500.0,14.83,0.04567
5647.0,1451.0,13.103321,0.04438
5647.0,1460.0,14.616536,0.04852
4925.0,750.0,1.31,0.0553
4925.0,578.0,0.54,0.0929
4925.0,510.0,1.95,0.12
4925.0,270.0,1.61,0.427
4925.0,208.0,1.41,0.718
5847.0,1275.0,2.357,0.06135
5793.0,1280.0,2.31,0.0617
5847.0,1052.0,0.979,0.09008
5933.0,1540.0,16.567,0.06224
5933.0,1619.0,18.483641,0.06324
5933.0,1630.0,18.180998,0.06067
5933.0,1621.0,17.956818,0.0613
6000.0,1078.0,10.76,0.0781
6050.0,1250.0,14.8,0.084
5330.0,850.0,11.55,0.08
5200.0,767.0,11.77,0.0818
6409.0,2140.0,15.24424,0.0274
5520.0,1440.0,10.761,0.04501
5058.0,2223.0,1.201,0.00901
6213.0,1764.0,15.906,0.0483
6213.0,1662.0,15.479629,0.0485
6213.0,1680.0,15.871944,0.0474
5950.0,362.7,8.08167508,1.137
5600.0,478.0,13.49,0.481
5600.0,403.0,6.14,0.676
4550.0,2040.0,15.322703,0.0731
5655.0,1037.0,1.478,0.053
5669.0,1133.0,1.478,0.05343
3842.0,998.0,1.63,0.0208
3800.0,965.0,1.39,0.02091
3415.0,627.0,0.85,0.02191
3412.0,610.0,0.8,0.02282
3415.0,553.0,1.385,0.0304
3412.0,517.0,1.35,0.0317
3412.0,409.0,1.57,0.0506
3415.0,416.0,1.521,0.0486
3216.0,235.0,1.727,0.0936
2988.0,378.9,1.635,0.0957
3131.0,230.0,1.43,0.0875
3096.0,226.0,1.73,0.0946
3216.0,438.0,1.282,0.02675
2988.0,708.9,1.169,0.02734
3096.0,422.0,1.272,0.027
3381.0,595.0,1.242,0.01848
3643.0,617.0,1.088,0.0404
3950.0,700.0,4.7,0.0417
2960.0,324.4,2.438,0.02961
2960.0,395.5,1.032,0.01992
2850.0,396.0,1.32,0.01875
2850.0,272.0,1.367,0.03984
3340.0,424.0,1.305,0.03813
3337.0,433.0,1.38,0.03807
3340.0,508.0,1.147,0.02661
3360.0,1000.0,1.35,0.01203
3331.0,892.0,1.332,0.01211
3358.0,903.0,1.325,0.01195
3331.0,353.0,2.3,0.07673
3360.0,397.0,2.42,0.0762
3358.0,359.0,2.39,0.0757
5443.0,1978.0,4.72,0.01679
7554.0,2570.0,16.8135,0.043
7800.0,2100.0,17.14977,0.047
7800.0,2250.0,16.98160576,0.0474
3916.0,790.0,14.90797,0.0326
4600.0,1332.0,13.506845,0.0143
5050.0,435.0,9.157753,0.201
5690.0,1257.0,11.747032,0.0757
5819.0,1605.0,12.800678,0.0549
5187.0,1143.0,4.976796,0.0403
5600.0,1146.0,12.32987877,0.0441
5550.0,1177.0,14.57167491,0.0523
5650.0,1457.0,13.89913607,0.0391
5610.0,1381.0,13.56286665,0.0448
6478.0,1468.0,17.878355,0.063
5980.0,688.0,11.99360935,0.313
4660.0,1357.0,14.90794433,0.0236
6057.0,1327.0,14.20177855,0.0504
5820.0,1499.0,13.60770257,0.0479
5321.0,1101.0,11.46678726,0.0388
5550.0,1331.0,14.88552637,0.049
5700.0,1783.0,15.64773706,0.0446
5455.0,500.0,10.40193409,0.408
7437.0,1991.0,18.38272835,0.048
5143.0,1650.0,3.18,0.019
4987.0,952.0,12.733424,0.0382
4730.0,1283.9,14.863134,0.01677
5241.0,1345.0,12.21781,0.035
6330.0,1448.0,11.99363,0.058
6075.0,1702.0,19.27948,0.04516
5044.0,1019.0,11.332299,0.04676
5044.0,1034.0,12.072093,0.04651
4790.0,1342.0,12.195392,0.02265
4804.0,1355.0,12.453199,0.02278
6210.0,2013.0,13.45,0.03035
6210.0,1991.0,13.775861,0.03026
6210.0,2017.0,14.01125,0.03029
5924.0,1550.0,16.47723,0.05205
6325.0,1686.0,14.145758,0.05105
6050.0,2212.0,15.278,0.02383
6119.0,2140.0,13.4508,0.02386
6119.0,2482.0,19.436406,0.02453
6933.0,2034.0,18.304297,0.04047
6933.0,2039.0,18.091326,0.0404
3972.0,1200.0,14.5717,22.0
3972.0,1204.0,30.48848,20.0
3972.0,995.0,22.86636,34.0
6407.0,481.0,6.18,0.652
5734.0,295.1,9.33708092,0.833
4910.0,1388.0,12.800678,0.02313
4910.0,1389.0,13.22662,0.02343
5013.0,1418.0,12.811887,0.02332
6124.0,1955.0,17.295487,0.0286
4645.0,1344.0,14.056,0.02153
4645.0,1292.0,12.823,0.02149
6007.0,1681.0,12.285064,0.03783
5215.0,1385.0,12.722215,0.02803
5747.0,1415.0,12.408363,0.04127
5052.0,1006.0,11.903958,0.0423
6387.0,2053.0,19.0553,0.0352
5738.0,1457.0,14.403565,0.0474
4309.0,1134.0,11.309881,0.0234
5844.0,703.0,7.22979255,0.163
5788.0,974.0,12.520453,0.1207
5756.0,805.5,12.18416202,0.1291
3572.0,872.0,13.31626907,0.02065
5757.0,517.2,11.5004142,0.33
6146.0,1135.0,2.87,0.09103
5328.0,1077.0,2.265,0.052
4734.0,784.0,2.587,0.06152
4734.0,634.0,2.651,0.09429
3875.0,1323.0,1.791,0.01159
6311.0,1728.0,14.57167491,0.0561
4360.0,825.0,3.66,0.0453
4350.0,632.17,3.56,0.04457
4360.0,650.0,13.0,0.0731
4250.0,637.0,16.8135,0.07098
4350.0,497.7,13.32,0.07191
6122.0,1198.9,9.02,0.082
5805.0,1216.0,1.9,0.0514
5805.0,965.39,2.76948277,0.067
5805.0,766.21,4.62115423,0.107
5805.0,669.11,2.5456702,0.14
5805.0,598.11,3.73591482,0.175
5805.0,574.0,2.53,0.23
5415.0,868.95,9.01941098,0.071
5350.0,868.0,9.19,0.0696
5158.0,713.83,2.5064654,0.08
4804.0,638.18,3.03617429,0.082
6046.0,1942.12,16.1966394,0.0364
4617.0,715.47,2.40974309,0.056
5394.0,1264.29,8.71664516,0.034
5446.0,1391.0,8.5972882,0.03428
5710.0,1486.0,10.5140239,0.04988
3476.0,703.0,2.415,0.0287
5592.0,440.0,2.91,0.387
3553.0,329.6,3.65,0.1288
3997.0,775.0,1.694,0.03826
3872.0,754.0,1.738,0.03845
4722.0,714.86,2.37611439,0.061
5151.0,955.0,3.01,0.049
5151.0,860.0,2.51,0.061
5213.0,862.49,2.45109846,0.061
5151.0,586.0,3.51,0.131
5213.0,587.77,3.43139739,0.132
5151.0,462.0,3.78,0.211
5213.0,463.98,3.5141875,0.212
5205.0,952.09,6.8084859,0.051
5497.0,726.89,3.2710301,0.109
5320.0,1037.0,2.726,0.05186
5320.0,827.8,2.759,0.0814
5320.0,638.1,2.93,0.137
4775.0,963.0,11.45557828,0.0407
4227.0,860.0,2.34,0.0366
4227.0,871.0,2.41,0.0367
4227.0,651.0,2.76,0.0657
4227.0,643.0,2.82,0.0656
4227.0,499.0,3.12,0.1116
3563.0,415.0,2.52,0.073
3618.0,425.0,2.62,0.0728
3573.0,410.0,2.458,0.0745
3600.0,413.0,2.37,0.0736
3573.0,347.1,1.673,0.1037
3600.0,344.0,1.56,0.1058
3618.0,354.0,2.13,0.1047
3563.0,346.0,1.98,0.105
5300.0,918.9,9.1,0.0711
5499.0,1004.9,2.40144286,0.0496
4985.0,961.0,4.14,0.0412
5065.0,975.0,4.13204907,0.0417
5690.0,1211.0,11.09689089,0.0549
5457.0,759.0,2.66146528,0.085
5388.0,1203.44,4.96846551,0.0374
5718.0,1392.74,10.12369881,0.051
6280.0,2360.0,15.69257298,0.047
5567.0,1414.84,14.11645916,0.051
5603.0,1562.0,13.79825524,0.0497
5889.0,1388.0,9.42675277,0.059
5752.0,1278.0,9.65807033,0.057
5397.0,1395.0,3.42,0.026
6274.0,1679.0,15.647764,0.0626
5493.0,1698.5,1.81434694,0.0171
5493.0,950.08,1.67761121,0.0546
5735.0,615.03,6.2163865,0.173
5793.0,676.4,6.05284958,0.1732
4635.0,1236.7,3.10083009,0.0207
4115.0,976.4,1.19880592,0.02122
4884.0,1517.0,1.62,0.019
5510.0,957.0,11.89,0.071
5811.0,789.51,3.93681551,0.108
5840.0,867.0,3.96,0.108
7690.0,2370.0,16.70138124,0.046
5986.0,794.23,2.43471042,0.139
5841.0,748.4,4.2427861,0.192
5224.0,520.66,2.30381001,0.147
5460.0,2130.02,1.41792246,0.0116
3412.0,426.0,2.749,0.0567
5801.0,723.33,2.61143902,0.127
3185.0,326.0,1.672,0.061
3776.0,506.07,1.6759955,0.0495
3376.0,683.5,1.401,0.02107
3376.0,338.1,2.126,0.08608
3709.0,734.0,2.18,0.0285
3709.0,373.0,2.47,0.106
5133.0,811.14,4.15964583,0.065
5597.0,918.0,11.88154,0.0903
6255.0,1404.5,14.067295,0.07037
6003.0,1493.0,15.46842,0.0583
7300.0,2492.0,21.01683881,0.0389
5404.0,1588.0,14.414774,0.03138
5982.0,1493.97,14.19902343,0.069
5948.0,1619.0,13.887951,0.06864
6495.0,1669.0,16.690201,0.058
3550.0,924.0,1.79,0.01545
3472.0,920.0,1.749,0.0149
5497.0,1285.16,2.2963977,0.0376
6170.0,1062.0,2.06,0.103
6170.0,684.0,11.06326395,0.249
3461.0,1052.0,1.459,0.011557
3575.0,1062.0,1.468,0.01138
5880.0,1715.0,12.172974,0.03524
5642.0,703.49,3.56505068,0.126
5058.0,943.19,5.3422266,0.045
3690.0,698.0,1.9,0.033548
3168.0,533.0,3.24,0.0235
3185.0,489.0,3.09,0.0229
5684.0,602.99,5.20315158,0.166
5730.0,730.0,5.15,0.164
5645.0,1198.0,10.816685,0.0914
5743.0,782.98,3.29206019,0.114
3980.0,767.0,5.05,0.0391
5636.0,1099.79,3.18175535,0.073
5670.0,1186.0,3.05,0.074
5807.0,1076.0,2.44,0.074
5815.0,694.09,2.36507598,0.154
3985.0,831.0,1.39,0.0291
3985.0,673.0,2.12,0.0443
3985.0,533.0,2.52,0.0707
5970.0,651.64,2.9507845,0.215
5621.0,1005.43,2.47852533,0.059
5151.0,551.44,3.5573684,0.138
3972.0,433.0,3.06,0.1176
3930.0,387.96,3.12029598,0.115
4065.0,443.0,3.14,0.1177
5284.0,707.89,8.04728896,0.08
5785.0,1269.21,1.21612741,0.0378
4316.0,1040.0,1.152,0.02607
4316.0,873.0,1.669,0.037
4316.0,690.0,2.572,0.0592
4316.0,600.0,2.207,0.0783
4316.0,521.0,2.287,0.1039
4316.0,470.0,2.87,0.1275
5991.0,1927.0,16.14093221,0.04882
5631.0,992.91,3.29701268,0.082
5106.0,734.31,2.38506569,0.074
5106.0,1935.83,1.39939037,0.0107
5698.0,922.72,1.42238884,0.071
3748.0,431.03,1.96061882,0.075
4687.0,747.0,2.99,0.06
4687.0,588.0,4.29,0.097
4914.0,1694.1,1.49681583,0.0122
4994.0,895.1,6.9559,0.0539
4766.0,962.2,11.14172682,0.04389
5734.0,1375.0,12.778238,0.061
4927.0,423.63,7.5406241,0.212
5165.0,528.67,2.7438269,0.151
6380.0,966.0,8.00321222,0.1597
6237.0,889.51,8.28055741,0.157
6237.0,2007.6,2.59987579,0.03089
6039.0,1199.55,12.3485023,0.1
4985.0,1479.0,3.46,0.0213
5359.0,1701.0,18.49481816,0.02398
6241.0,674.54,9.39553231,0.269
3841.0,362.0,12.89035,0.1587
3926.0,378.0,11.09689089,0.1525
5814.0,2097.0,13.97759893,0.01932
7700.0,2290.0,13.67495645,0.0613
5611.0,1488.0,2.7,0.04271
5611.0,1038.0,8.14,0.0878
6394.0,759.0,11.298672,0.3
5929.0,400.2,11.81426566,0.5516
3194.0,512.0,3.39,0.0301
3297.0,530.9,3.309,0.029322
5626.0,917.46,5.33275337,0.128
5977.0,1166.0,11.89272852,0.0892
5880.0,1167.0,12.52043144,0.092
5192.0,687.68,2.77062554,0.088
5192.0,543.16,3.69441587,0.142
5192.0,457.68,3.43087751,0.199
5081.0,300.33,3.6831179,0.472
3759.0,347.0,1.25,0.101
3759.0,297.0,1.33,0.137
5627.0,1397.0,13.57407563,0.03515
6540.0,3646.0,15.098497,0.01791
3131.0,384.0,2.122,0.0377
5968.0,780.53,2.08874836,0.127
4580.0,666.0,2.69,0.078
4580.0,306.0,7.27,0.371
3373.0,378.0,2.2,0.0533
3342.0,395.0,2.19,0.057
3366.0,403.0,2.09,0.054
5659.0,722.0,3.05,0.133
6200.0,1363.43,12.41899699,0.111
6177.0,1484.0,11.98240037,0.1108
6630.0,1802.0,14.35870428,0.05064
6280.0,1580.0,16.28664896,0.0513
5673.0,1188.0,10.76062147,0.075
5026.0,497.0,11.29,0.2069
5026.0,628.0,7.69,0.1293
5695.0,348.0,11.32107051,0.828
5966.0,1763.0,19.83989584,0.03319
5634.0,1860.0,3.51,0.02234
5298.0,805.0,3.03,0.08911
6101.0,1259.0,11.1529358,0.0854
6248.0,1688.0,14.36991326,0.05009
3491.0,284.0,1.74,0.1363
5730.0,747.0,16.47720163,0.1992
5525.0,842.0,9.97599282,0.127
5581.0,799.0,11.2089807,0.158
5306.0,1091.0,8.60849718,0.04871
5360.0,1000.0,10.83908434,0.05649
5651.0,860.0,10.42435205,0.112
4802.0,885.0,6.81,0.0471
3707.0,624.0,11.72459381,0.05263
5059.0,1311.0,1.402,0.02118
5059.0,696.0,2.18,0.0749
3943.0,889.7,11.48920522,0.02793
3100.0,449.0,2.86,0.02267
5808.0,1080.0,9.86390302,0.0831
5607.0,1534.0,10.36830715,0.0543
3433.0,458.0,1.52,0.0559
4375.0,519.0,2.363,0.105
5730.0,414.0,9.60609646,0.347
6005.0,1509.4,2.83,0.0482
7360.0,1595.0,11.14172682,0.1166
5905.0,1443.0,6.06,0.0491
5831.0,1100.0,11.2089807,0.073
5802.0,636.0,11.54525012,0.327
4870.0,338.0,11.25381662,0.3715
5611.0,1352.0,10.92875618,0.0672
6095.0,1027.0,7.16253867,0.1528
5771.0,1431.0,13.64132951,0.04145
6120.0,2410.0,17.37392009,0.048
5936.0,1456.0,14.4595851,0.0571
5760.0,1445.0,12.07207221,0.0635
5579.0,592.0,12.10569916,0.3
4026.0,493.0,1.71,0.0943
4050.0,438.59,1.47291596,0.091
6100.0,1387.0,18.10250383,0.0607
3514.0,531.0,2.77,0.0345
3506.0,581.0,1.206,0.03197
3506.0,488.0,2.355,0.04526
3506.0,387.0,2.133,0.0721
5665.0,1603.0,13.72,0.036
5764.0,1205.0,17.26183028,0.0569
6280.0,1893.0,18.11371281,0.03185
5721.0,1376.0,15.27784069,0.0493
5910.0,1471.0,12.84549188,0.0475
5152.0,979.0,1.42,0.0503
5152.0,475.0,1.88,0.213
4738.0,1186.0,12.32987877,0.0261
5691.0,1544.0,13.15934334,0.03386
5940.0,1358.0,13.4,0.048
4672.0,1001.0,12.55405838,0.0384
5760.0,1596.0,16.43236571,0.0505
6177.0,2155.0,7.16,0.0249
3388.8,604.0,11.39953337,0.02709
5068.0,1722.0,3.82,0.01714
5614.0,1213.02,4.94057819,0.0638
5251.0,1871.0,3.2,0.0159
5850.0,1616.0,15.55806521,0.047
5609.0,1488.0,12.97999965,0.03144
5706.0,1264.0,12.22899794,0.0675
5810.0,1498.0,23.53885947,0.04289
4969.0,899.0,5.3,0.0485
3870.0,690.0,8.29464572,0.043
3865.0,711.0,8.29464572,0.04194
5950.0,1534.0,13.08088048,0.0456
5321.0,801.0,12.59889431,0.0813
3660.0,750.0,11.32107051,0.027
3652.0,764.0,11.14172682,0.0263
3913.0,759.0,12.0,0.03845
3576.0,582.0,5.14,0.043
5772.0,1646.0,18.49481816,0.0421
5859.0,1633.0,13.13692538,0.04611
5905.0,1178.0,10.87271128,0.099
3180.0,441.0,6.43,0.0361
3269.0,463.0,6.0,0.0354
6000.0,1504.0,15.15454191,0.05539
6000.0,1519.0,15.22179579,0.0543
6000.0,1531.0,15.27784069,0.05354
5725.0,1512.0,14.28024141,0.0463
6100.0,1198.0,12.31866979,0.0795
5975.0,1295.0,12.27383387,0.0743
3476.0,563.0,7.9,0.041
4960.0,1441.0,3.02,0.0229
4960.0,907.0,5.93,0.058
4960.0,650.0,6.18,0.113
3392.0,584.0,1.32,0.0322
3392.0,368.0,2.08,0.0809
6060.0,1458.0,13.04725353,0.04469
6169.0,1241.0,1.362,0.05727
6169.0,931.0,2.328,0.1017
6096.0,605.1,12.28504285,0.3081
6202.0,1570.0,13.57407563,0.05222
5281.0,1074.0,13.30506009,0.04823
6860.0,1669.0,16.11851425,0.06311
3794.0,725.0,13.67495645,0.04
3920.0,739.0,12.69,0.03944
3926.0,750.0,12.66614819,0.03924
5291.0,922.0,2.64,0.0554
5325.0,981.4,2.68,0.056
5291.0,635.0,5.09,0.117
5325.0,673.6,5.09,0.1189
4850.0,1862.0,1.28,0.0113
4850.0,633.0,3.29,0.098
6219.0,904.0,11.2089807,0.201
3422.0,435.0,2.52,0.0534
5640.0,1395.0,13.26022417,0.04036
5433.0,705.0,12.17,0.118
6096.0,318.0,12.53,0.768
5170.0,347.0,6.8,0.349
5170.0,191.0,9.42,1.152
6264.0,1677.0,11.67975789,0.0888
6058.0,1472.0,12.44196858,0.0555
6174.0,1198.94,2.85372018,0.077
5735.0,1370.0,11.09691,0.097
3390.0,624.0,8.47398941,0.01845
3260.0,694.0,8.7,0.01808
5805.0,894.0,12.87,0.098
5640.0,717.6,8.54124329,0.1515
4440.0,1617.0,1.166,0.01189
5749.0,1040.0,6.25,0.06614
5909.0,1056.0,10.76062147,0.093
4780.0,550.0,3.48935569,0.1481
5808.0,1180.0,6.6,0.073
6160.0,976.0,11.98240037,0.2157
6300.0,906.0,11.88151954,0.158
3350.0,760.0,11.99363,0.012
3322.0,687.0,11.54525012,0.0159
3354.0,754.0,11.87031056,0.01648
3430.0,737.0,11.6,0.0199
4230.0,783.0,9.86,0.0469
6500.0,1772.0,12.778238,0.05593
3586.0,675.0,11.9,0.034
3659.0,565.0,9.30345398,0.052
4610.0,1043.0,9.86390302,0.0295
6240.0,1648.0,13.09208946,0.073
6240.0,1655.0,13.19297028,0.0726
6240.0,1682.0,13.5292397,0.06975
3927.0,867.0,5.82,0.0296
3747.0,689.0,10.60369574,0.04041
3770.0,679.0,9.7,0.04
6000.0,947.0,10.3,0.098
6000.0,1242.0,3.52,0.057
4169.0,999.0,2.018,0.0225
5700.0,441.0,11.30986153,0.332
3790.0,528.0,9.75,0.0712
6466.0,1061.0,12.17295304,0.1291
5925.0,1180.0,12.22899794,0.0723
5326.0,2480.0,1.45,0.01064
5342.0,2134.77,1.45661206,0.0104
5372.0,2310.0,1.425,0.0106
5372.0,800.0,2.91,0.0884
5342.0,738.68,2.92706747,0.087
5326.0,860.0,2.9,0.0888
5342.0,552.84,2.72148317,0.156
5372.0,598.0,2.82,0.158
5372.0,415.0,2.55,0.328
3996.0,939.0,10.78,0.0272
3896.0,837.0,10.42,0.0272
5640.0,1714.0,11.43318,0.02734
5485.0,513.0,4.91,0.249
3713.0,742.0,10.3,0.03379
3325.0,708.0,1.09,0.018288
6235.0,1040.0,8.54,0.114
3075.0,707.0,1.03,0.010777
6110.0,1890.0,13.67495645,0.055
3635.0,714.0,11.92,0.02949
6110.0,1439.0,6.41,0.069
6110.0,1750.0,14.3474953,0.036
6850.0,1666.0,18.97680433,0.0678
6400.0,1388.0,9.2362001,0.0708
6250.0,1586.0,11.88154,0.0486
3444.0,745.0,11.29,0.02292
6460.0,1749.0,19.851139,0.06608
5463.0,833.0,10.98480109,0.134
3681.0,674.0,2.27,0.0295
3681.0,553.0,2.26,0.0437
3681.0,482.0,1.92,0.0576
5940.0,1493.0,5.09,0.0633
5597.0,1124.85,2.58606487,0.048
5600.0,1235.0,2.6,0.047
6400.0,599.0,9.52763359,0.402
3514.0,635.0,5.25,0.025
6295.0,1252.0,13.11453,0.1038
3007.0,417.9,9.5836785,0.02604
5585.0,1055.8,1.992,0.0618
5278.0,641.0,2.5,0.122
3266.0,555.4,8.33948164,0.03418
5450.0,1038.0,2.28,0.06
5450.0,800.0,2.63,0.1011
3370.0,543.0,1.36,0.0208
3725.0,520.0,1.798,0.0653
3709.0,514.0,1.85,0.0652
3709.0,415.0,2.02,0.1
3725.0,420.0,2.047,0.1001
6643.0,1561.0,15.4,0.06
3370.0,435.0,2.734,0.0578
4869.0,686.0,2.94,0.0903
4869.0,469.0,2.62,0.193
4600.0,1253.0,2.926,0.02177
4552.0,871.0,1.704,0.0422
4552.0,665.0,2.587,0.075
5995.0,995.3,9.16894621,0.0888
6000.0,1022.0,9.71,0.083
5842.0,1529.0,14.06727078,0.04435
6261.0,1397.0,11.99363,0.092
5570.0,1192.0,13.125739,0.04666
5626.0,1317.0,3.186,0.041657
5710.0,1526.0,9.550068,0.04963
4435.0,941.0,2.765,0.02636
2559.0,400.1,1.086,0.01111
2559.0,341.9,1.056,0.01521
2559.0,288.0,0.772,0.02144
2559.0,251.3,0.918,0.02817
2559.0,219.0,1.045,0.0371
2559.0,198.6,1.127,0.0451
5226.0,1147.0,12.318691,0.03946
5230.0,1140.0,11.96,0.03925
5850.0,1472.0,13.955205,0.0367
5850.0,1470.0,13.977623,0.0367
5850.0,1466.0,13.372337,0.03567
5795.0,1467.0,14.134549,0.03635
5850.0,1498.0,13.719816,0.03558
5650.0,1630.0,14.627745,0.02283
5650.0,1638.0,14.68379,0.02276
5650.0,1623.0,14.706208,0.02272
6200.0,1805.0,19.447615,0.0502
6200.0,1785.0,19.626959,0.05092
6200.0,1861.0,20.28829,0.04965
6295.0,1795.0,20.602142,0.0516
6200.0,1778.0,19.122554,0.05084
5171.0,1480.0,13.383546,0.02459
6110.0,1812.0,16.241841,0.03889
6213.0,1830.0,16.735037,0.0392
6110.0,1800.0,16.634156,0.03898
4675.0,972.0,11.960003,0.0378
4700.0,950.0,12.3,0.038
4675.0,1370.0,12.106,0.03781
6900.0,2190.0,18.94,0.0457
6400.0,1560.0,15.8,0.0506
5990.0,1671.0,14.90794433,0.041
6110.0,2508.0,17.127,0.01985
5475.0,1516.0,12.745,0.02918
5070.0,900.0,10.76064,0.075
6055.0,1140.0,12.162,0.0917
4430.0,770.0,10.53646,0.055
4800.0,960.0,10.20019,0.043
4900.0,992.0,11.09691,0.04375
5890.0,1496.0,15.793481,0.05885
5940.0,2043.0,15.008851,0.02851
6250.0,1414.0,13.67495645,0.065
6038.0,1001.0,11.444,0.09459
6410.0,1729.0,16.14096,0.05453
5650.0,1600.0,15.6926,0.0363
6360.0,2592.6,21.711833,0.0232
6360.0,2580.0,21.2971,0.0234
6250.0,2523.0,20.456425,0.02309
6300.0,2483.0,20.84874,0.0235
6450.0,1880.0,16.510857,0.0514
6459.0,2358.0,20.904785,0.02544
5740.0,1520.0,14.773462,0.04263
6050.0,1400.0,13.89916,0.0449
5800.0,1480.0,10.76064,0.0449
5620.0,1400.0,15.35633,0.052
5900.0,1100.0,10.42437,0.0628
5826.0,1531.0,17.127352,0.0557
5625.0,833.0,9.97601,0.1012
6030.0,1460.0,13.67498,0.0607
4686.0,682.0,10.09929161,0.0674
4775.0,763.0,9.75183,0.067
4686.0,1329.0,1.841,0.01833
5700.0,1790.0,13.56289,0.0345
6260.0,1742.0,15.46842,0.0661
6272.0,1590.0,12.21781,0.0494
5310.0,910.0,8.9672,0.062
6475.0,1872.0,13.89916,0.037
6475.0,2090.0,18.304297,0.0372
5260.0,1320.0,16.14096,0.0323
5900.0,1540.0,13.56289,0.0469
6010.0,2000.0,17.14977,0.0347
5200.0,1260.0,9.52765,0.0316
4900.0,1200.0,10.0881,0.0261
5702.0,1404.0,12.498035,0.0549
5460.0,940.0,8.092898,0.0845
5750.0,1855.0,15.24421375,0.024
6405.0,1676.0,15.782272,0.05165
6218.0,1460.0,11.99363,0.0694
5871.0,1290.0,12.66617,0.055
5914.0,1700.0,17.37395,0.048
4774.0,994.0,10.76062147,0.044
5660.0,1468.0,13.45077684,0.043
4910.0,970.0,5.71659,0.0453
4987.0,934.5,6.02802815,0.0458
6350.0,1590.0,11.99363,0.0517
6120.0,1850.0,15.46842,0.0538
5630.0,1389.0,13.652562,0.0415
5298.0,1119.0,12.21781,0.0452
6400.0,1557.0,12.811887,0.0673
5300.0,910.0,11.209,0.0871
5500.0,1638.0,13.473218,0.0266
5806.0,1610.0,12.643752,0.02818
5599.0,1624.0,14.12334,0.04823
6050.0,1270.0,7.06167,0.0641
7000.0,2329.0,17.71022,0.0365
6000.0,1340.0,16.8135,0.0519
6110.0,1604.0,14.616536,0.0681
6650.0,1771.0,22.317119,0.0515
5600.0,1422.0,12.285064,0.0337
5965.0,1642.0,10.98482,0.0504
6900.0,1740.0,17.59813,0.0694
5767.0,1842.0,14.403565,0.02508
5800.0,1880.0,13.4508,0.0248
6400.0,1490.0,14.5717,0.0559
6399.0,1528.0,16.10730527,0.05503
6229.0,1571.0,13.540472,0.04403
5941.0,1721.0,16.869545,0.0535
5017.0,1142.0,17.71022,0.03957
8640.0,2402.0,21.74546,0.0545
9360.0,2470.0,20.28829,0.0558
6400.0,2392.0,12.980022,0.02034
6432.0,2429.0,13.89913607,0.02024
6455.0,2413.0,13.036067,0.02043
6400.0,2400.0,14.6,0.02
6600.0,1540.0,13.89916,0.048
5839.0,1186.0,13.271456,0.05427
5638.0,1479.0,9.52765,0.0451
5313.0,1111.0,16.47723,0.04632
6000.0,1480.0,14.90797,0.0627
5900.0,1160.0,14.01125,0.0904
6850.0,1666.0,14.81827249,0.072
8000.0,3353.0,18.14733975,0.05053
5568.0,2520.0,15.602928,0.01634
5440.0,2067.0,15.636555,0.01616
5616.0,2113.0,15.86070769,0.01652
6400.0,1500.0,12.89035,0.0663
5910.0,1620.0,13.78707,0.0408
6078.0,1254.0,16.40994774,0.0676
6405.0,1693.0,15.47960235,0.047
6300.0,1522.0,10.31226224,0.063
6050.0,1665.0,14.44837612,0.065
5200.0,1300.0,12.52,0.03138
5200.0,1304.0,12.005,0.03138
5150.0,1281.0,11.690987,0.03033
5150.0,1281.0,11.690987,0.03033
5170.0,1286.0,11.915167,0.03092
5180.0,1311.0,12.116929,0.03144
5940.0,1379.0,16.388,0.06
5800.0,1340.0,14.156967,0.0516
6153.0,1502.0,13.439591,0.0489
6000.0,1430.0,12.55408,0.0468
6107.0,1772.0,14.605327,0.03635
5736.0,1210.0,13.977623,0.04819
5950.0,1660.0,14.79585452,0.04
6015.0,1650.0,13.630144,0.03966
6084.0,1473.0,15.177,0.0445
6150.0,1468.0,13.597,0.04469
6400.0,2028.0,16.297886,0.03187
6400.0,2020.0,15.871944,0.03185
6400.0,1960.0,14.68379,0.0317
7430.0,2723.0,18.819911,0.0259
7430.0,2781.7,17.855937,0.0239
5700.0,1250.0,13.675,0.0524
5959.0,1733.0,14.874343,0.02677
5880.0,1724.0,14.358729,0.02643
6200.0,1250.0,12.3,0.076
5485.0,1166.0,14.336311,0.04828
5540.0,1673.0,15.289076,0.02318
5500.0,1662.0,15.367539,0.02329
5500.0,1661.0,15.210613,0.02307
5546.0,1242.0,13.204202,0.041
5545.0,1244.0,13.22662,0.04
5315.0,1021.0,12.576498,0.0561
4500.0,1426.7,11.276254,0.01504
4400.0,1350.0,10.42,0.014
5420.0,1337.0,12.3299,0.03453
5410.0,1304.0,10.98482,0.03443
5150.0,1153.0,10.603714,0.03963
5100.0,1170.0,11.119328,0.0405
5600.0,1636.0,13.159366,0.02335
5920.0,2035.0,18.71903,0.0344
6000.0,1956.0,15.65,0.0332
5600.0,1400.0,13.428382,0.03873
5700.0,1706.0,12.184,0.0267
5700.0,1732.0,13.125739,0.02729
5770.0,1753.0,13.170575,0.0274
5880.0,1753.0,12.218,0.02683
5700.0,1732.0,13.047276,0.02714
5400.0,1394.84,13.069694,0.0293
5000.0,1315.0,14.24,0.0272
4953.0,1053.0,12.038466,0.04101
6100.0,1759.0,18.528,0.04987
6070.0,1300.0,14.964015,0.0558
5600.0,1216.0,12.24,0.05458
5600.0,1338.0,11.76945,0.03769
5600.0,1251.0,10.267,0.0386
5800.0,1270.0,15.36,0.0561
4650.0,670.0,8.687,0.0697
5375.0,1184.0,13.78707,0.0414
6105.0,1479.0,13.731025,0.05548
5900.0,1320.0,9.64,0.0531
6250.0,1624.4,13.56289,0.0521
6230.0,1475.3,15.02006,0.0571
5400.0,1689.0,14.247,0.02648
5600.0,1480.0,12.464,0.0334
5911.0,1490.0,13.9,0.06206
4715.0,963.0,9.113,0.04525
4700.0,963.0,11.847913,0.04525
6520.0,1530.0,15.401166,0.0624
6400.0,1487.0,14.90797,0.0617
6400.0,1502.0,15.277867,0.0619
6400.0,1379.0,10.256235,0.0618
5763.0,1387.0,13.047,0.04853
6059.0,2049.0,16.37,0.04619
6250.0,2210.0,14.24,0.03708
6036.0,1790.0,13.002,0.05512
5970.0,1910.0,17.48604,0.037
5984.0,1926.0,15.737436,0.03443
6100.0,1710.0,14.235,0.0375
6250.0,2160.0,20.51247,0.033
6329.0,2228.0,20.78145022,0.033
6366.0,2231.0,20.68056939,0.03304
5617.0,1715.0,13.78704626,0.02335
5500.0,1650.0,13.5,0.024
5500.0,1674.0,13.56289,0.02396
6100.0,2350.0,19.055,0.0362
6100.0,2469.7,23.09054,0.0367
6600.0,1716.2,17.14977,0.0519
6600.0,1900.0,23.43,0.0535
6600.0,1716.2,17.14974047,0.0519
5600.0,950.0,11.2,0.08
4143.0,825.0,11.197791,0.0344
4150.0,800.0,10.65,0.034
5870.0,1623.0,16.017661,0.03908
6490.0,2190.0,18.71903,0.0447
6480.0,2200.0,19.17,0.0448
5510.0,1120.0,11.65736,0.059
5280.0,833.0,10.939984,0.0775
5314.0,797.0,10.559,0.0771
6431.0,1772.0,19.055,0.06431
5130.0,1120.0,11.65736,0.0427
6430.0,1840.0,18.27067,0.0562
4920.0,1160.0,11.54527,0.037
6280.0,1871.0,16.376349,0.0348
6700.0,1942.0,17.900773,0.04211
6153.0,1604.0,19.28,0.055
5630.0,1570.0,13.56,0.03416
5540.0,1285.0,13.45,0.0453
5640.0,1555.0,12.67,0.03303
5525.0,1180.0,12.33,0.036
5473.0,1171.0,12.823096,0.03762
6180.0,1480.0,12.33,0.0717
4710.0,163.0,10.4,0.0204
575.0,450.0,10.468,8.0
6250.0,1500.0,16.7,0.047
5000.0,2000.0,15.277867,0.01855
4251.0,2198.0,11.5609626,0.0282
4591.0,2470.0,12.9934728,0.0234
3542.0,996.0,1.24,0.01
4716.0,790.0,2.043,0.05706
4716.0,789.0,2.043,0.05712
5750.0,1210.0,13.518054,0.04944
5340.0,1319.0,11.018447,0.03684
5340.0,1328.0,11.029656,0.03616
5340.0,1328.0,11.119328,0.03647
6429.0,1729.0,13.988832,0.04529
6397.0,1630.0,14.425983,0.05474
6397.0,1630.0,14.45961,0.05475
5510.0,1244.0,12.89035,0.0508
5430.0,1230.0,12.78,0.0515
5370.0,1203.0,12.206601,0.0494
6720.0,1577.0,23.20263,0.0815
6250.0,1743.0,15.389957,0.04421
8038.68,1650.0,16.8,8.9
5870.0,1147.0,2.06,0.06702
6037.0,1169.8,2.042,0.06839
